Word;Prediction;Actual
nacionālists;nacionālistds;nacionālistiem
nemirst;nemirjost;nemirstot
svešinieks;svešinieks;svešiniekiem
neskatīšana;nēeēsmkēaētcīēšēaēnēa;neskatīšanu
moldāvu valoda;mēoēlēdēāēvēuē vēaēlēoēdēa;moldāvu valoda
visarmēniskākais;vaiiaisaiaairaimaiēainaiiaisaikaiāaikaiaaiiais;visarmēniskākais
aklums;ēaēkēlēuēmēs;akluma
nepelnīt;nepelnīt;nepelniet
izcept;aiiaizaicaieaipait;izcepšu
dzeltenīgs;daizaieailaitjāmeainaiīaigais;dzeltenīgu
nenabadzināt;naieainaiaaibaiaaidaizaiiainaiāait;nenabadzināsi
borščs;borščs;borščiem
vokālists;vēoēkēāēlēiēsmtds;vokālistu
stigt;jostdigt;stigdams
visvainīgākais;visvainīgākais;visvainīgākajām
spulgais;aisaipaiuailaigaiaaiiais;spulgo
plašākais;peleaešeāekeaeies;plašāko
stādīt;aisaitdāaidaiīait;stādīja
humānistiskāks;huemeāeneiesetjāmiesekeāekes;humānistiskākos
sarkanais;sarkanais;sarkanajām
ģeofizikālais;ģeofizikālais;ģeofizikālās
garša;garša;garšas
stāstnieks;ēsmtdāēsmtdnēiēeēkēs;stāstniek
grieķiskais;gairaiiaieaiķaiiaisaikaiaaiiais;grieķiskā
svešādākais;svešādākais;svešādākās
paradoksāls;paiaairaiaaidaiojākaisaiāailais;paradoksālā
pateikt;patceikt;pateicam
šahāda;šēaēhāēdēa;šahādu
zaķītis;zaķītšis;zaķīši
ticamais;tjāmicamais;ticamajām
nocept;ocept;nocepts
progress;progress;progresiem
gailēns;gēaēiēlēēēnēs;gailēnu
iedarbīgs;aiiaieaidaiaairaibaiīaigais;iedarbīgam
mongoliskais;mongoliskais;mongoliskās
mazturīgais;maiaaizaitjāmuairaiīaigaiaaiiais;mazturīgo
īpašs;īpašs;īpašām
ģenitīvs;ģēeēnēiētcīēvēs;ģenitīvam
šakālis;šakālis;šakāļos
neticēt;naieaitciaicaiēait;neticu
vajadzīgākais;vaiaaijaiaaidaizaiīaigaiāaikaiaaiiais;vajadzīgāko
nazāls;naiaaizaiāailais;nazālu
neglītākais;neeegeleīetjāmāekeaeies;neglītāko
eksistenciālistiskais;aieaikaisaiiaisaitjāmeainaicaiiaiāailaiiaisaitjāmiaisaikaiaaiiais;eksistenciālistisko
zīt;zaiīait;zīst
visdrošākais;vaiiaisaidairaiojāšaiāaikaiaaiiais;visdrošākajai
aseksuālākais;aiaaisaieaikaisaiuaiāailaiāaikaiaaiiais;aseksuālākajā
vingrot;ot;lai vingro
mošeja;mošeja;mošejām
visbaltākais;visbaltjāmākais;visbaltākās
skābekļa spilvens;ēsmkēāēbēeēkēļēaē ēsmpēiēlēvēeēnēs;skābekļa spilven
islandiskāks;islandiskāks;islandiskākas
čakls;čeaekeles;čaklos
telefoniskāks;aitjāmeailaieaifaiojānaiiaisaikaiāaikais;telefoniskākā
vaļa;vēaēļēa;vaļu
erotiskāks;eeereoetjāmiesekeāekes;erotiskākiem
oranžīgs;ojāraiaainaižīaigais;oranžīgas
trūcīgs;tjāmrūcīgs;trūcīgām
tēvocis;tcēvocis;tēvočiem
necaurspīdīgākais;neeeceaeueresepeīedeīegeāekeaeies;necaurspīdīgākos
anormālais;aiaainaiojāraimaiāailaiaaiiais;anormālajam
negriezt;negriezt;negrieztu
visiesarkanākais;vaiiaisaiiaieaisaiaairaikaiaainaiāaikaiaaiiais;visiesarkanāko
kailāks;kaiaaiiailaiāaikais;kailāka
vismantīgākais;veiesemeaenetjāmīegeāekeaeies;vismantīgāko
neparastāks;neparastjāmāks;neparastāku
zābaks;zēāēbēaēkēs;zābaks
pornogrāfiskākais;peoereneoegereāefeiesekeāekeaeies;pornogrāfiskākie
garšīgākais;gaiaairaišaiīaigaiāaikaiaaiiais;garšīgākajā
starene;stdarenņe;starenēs
guņģis;guņģis;guņģiem
slimākais;aisailaiiaimaiāaikaiaaiiais;slimākajam
raižpilns;raiaaiiaižpaiiailainais;raižpilnai
lēkt;ēkt;lecošs
lipnāks;ailaiiaipainaiāaikais;lipnāku
skolnieks;skolnieks;skolniekos
necepināt;necepināt;necepina
viseiropeiskākais;vaiiaisaieaiiairaiojāpaieaiiaisaikaiāaikaiaaiiais;viseiropeiskākajai
pasaka;pasaka;pasakas
nepateicīgums;nēeēpēaētceēiēcēīēgēuēmēs;nepateicīgum
rokas soma;rokas soma;rokas somu
visaizmirsīgākais;visaizmirsīgākais;visaizmirsīgākajām
apvienošana;apvienņošana;apvienošanas
visfilozofiskākais;visfilozofiskākais;visfilozofiskākās
cilvēciskākais;ceieleveēeceiesekeāekeaeies;cilvēciskākajos
nedoties;nedotciejos;nedodamies
notikumu horizonts;nēoētciēkēuēmēuē hoērēiēzēoēnētcs;notikumu horizontu
humānists;humānistds;humānisti
neart;neart;nearat
acīgāks;eaeceīegeāekes;acīgākiem
nebēdne;nebēdne;nebēdnes
dregnākais;dairaieaigainaiāaikaiaaiiais;dregnākā
kustēties;kustdētjies;kustēties
sāļākais;aisaiāaiļaiāaikajaaiiais;sāļākā
grāmatnīca;grāmatcnīca;grāmatnīcas
vismīkstākais;veiesemeīekesetjāmāekeaeies;vismīkstākos
sibīrietis;sibīrietšis;sibīriešiem
kirgīzu valoda;kēiērēgēīēzēuē vēaēlēoēdēa;kirgīzu valoda
politiskākais;peoeleietjāmiesekeāekeaeies;politiskākos
aziātiskais;aiaaizaiiaiāaitjāmiaisaikaiaaiiais;aziātisko
visteicamākais;vistjāmeicamākais;visteicamāko
augļu koks;augļu koks;augļu kokos
skaitliskāks;esekeaeietjāmleiesekeāekes;skaitliskākos
zaļganākais;zaļganākais;zaļganākajās
īpašais;īaipaiaaišaiaaiiais;īpašajā
dancot;daiaainaicaiojāt;dancošu
britiskākais;britjāmiskākais;britiskākās
etnogrāfiskākais;etjāmnogrāfiskākais;etnogrāfiskākajās
gaišākais;gaiaaiiaišaiāaikaiaaiiais;gaišākās
zemnieks;zēeēmēnēiēeēkēs;zemniekam
pilsonisks;pilsonisks;pilsonisku
rasains;raiaaisaiaaiiainais;rasainu
rags;rēaēgēs;ragu
dusēt;daiuaisaiēait;dusēšu
augstāks;aiaaiuaigaisaitjāmāaikais;augstākai
velns;velns;velni
vēsturiskāks;vaiēaisaitjāmuairaiiaisaikaiāaikais;vēsturiskāku
turkmēnis;ētcuērēkēmēēēnēiēs;turkmēņa
šausmīgais;šeaeuesemeīegeaeies;šausmīgajiem
visdāsnākais;vaiiaisaidaiāaisainaiāaikaiaaiiais;visdāsnākā
strēle;ēsmtdrēēēlēe;strēli
dienvidslāvisks;deieeeneveiedeseleāeveiesekes;dienvidslāviskiem
žvankstēt;žvankstdēt;žvankstējām
zemais;zemais;zemo
zvērs;zēvēēērēs;zvēr
melnais caurums;melnais caurums;melnos caurumus
orgāns;orgāns;orgānos
visstraujākais;veiesesetjāmreaeuejeāekeaeies;visstraujākajos
neiesist;naieaiiaieaisaiiaisait;neiesit
eksistenciālisms;ēeēkēsmiēsmtdeēnēcēiēāēlēiēsmmēs;eksistenciālisma
baidīties;baidītcies;baidīties
dzintars;dzintcars;dzintarus
necepšana;nēeēcēeēpēšēaēnēa;necepšanu
tārps;ētcāērēpēs;tārpa
piederēt;piederēt;piederat
vājāks;veāejeāekes;vājākus
modernākais;maiojādaieairainaiāaikaiaaiiais;modernākajam
nevingrot;ot;nevingrot
luksemburgiskais;eleuekeseeemebeueregeiesekeaeies;luksemburgisko
murrāt;murrāt;būt jāmurrā
kosmoloģisks;kaiosaimaiojālaiojāģaiiaisaikais;kosmoloģiskā
matainais;maiaaitjāmaaiiainaiaaiiais;matainajā
slota;ēsmlēoētca;slota
visbiklākais;veiesebeiekeleāekeaeies;visbiklākajiem
visnacionālistiskākais;visnacionālistjāmiskākais;visnacionālistiskākajās
pērve;pēēērēvēe;pērve
izteikt;iztceikt;izteikšana
biežākais;beieeežāekeaeies;biežākajiem
turpmākais;etjāmuerepemeāekeaeies;turpmākie
skatīt;skatcīt;skatīts
bakteriofāgs;bēaēkētceērēiēoēfēāēgēs;bakteriofāgam
laika vārds;laika vārds;laika vārdos
raizīgais;raiaaiiaizaiīaigaiaaiiais;raizīgajam
redzīgais;raieaidaizaiīaigaiaaiiais;redzīgo
rupja vīle;rēuēpējēaē vēīēlēe;rupjā vīlē
polārais lācis;pēoēlēāērēaēiēsm ēlēāēcēiēs;polāro lāci
slavenāks;aisailaiaaivaieainaiāaikais;slavenāku
palikt;palikt;palieciet
raksturojums;rēaēkēsmtduērēoējēuēmēs;raksturojumu
lustra;lustdra;lustras
vismodrākais;veiesemeoedereāekeaeies;vismodrākajiem
stīvs;esetjāmīeves;stīviem
pasīvākais;paiaaisaiīaivaiāaikaiaaiiais;pasīvāko
rupāks;rupāks;rupākām
ieliet;ieliet;ielejiet
viszemākais;viszemākais;viszemākās
indīgais;indīgais;indīgajām
raudiens;raudienņs;raudieniem
nīderlandiskais;neīedeeereleaenedeiesekeaeies;nīderlandiskie
vingrākais;vingrākais;vingrākajām
afgāniskāks;aiaaifaigaiāainaiiaisaikaiāaikais;afgāniskāku
neklepot;ot;neklepojis
dilles;dilles;dilles
vislētākais;vaiiaisailaiēaitjāmāaikaiaaiiais;vislētākajā
spožs;aisaipaiojāžais;spoža
miglaināks;maiiaigailaiaaiiainaiāaikais;miglaināku
nogurt;ogurt;nogurāt
velnišķīgākais;vaieailainaiiaišaiķaiīaigaiāaikaiaaiiais;velnišķīgākajā
karot;karot;karodams
insekts;ēiēnēsmeēkētcs;insekta
nezīdināt;nezīdināt;neesot jāzīdina
botāniķis;botcāniķis;botāniķi
pētīt;pētjīt;jāpētot
nepareizāks;nepareizāks;nepareizākām
kurlāks;kurlāks;kurlākām
censīgāks;ceeeneseīegeāekes;censīgākus
klavieres;klavieres;klavieres
čehiete;čēeēhēiēeētce;čehieti
vecis;vecis;večiem
darīt;daiaairaiīait;darīji
dalīt;dalīt;dalīšana
pasakains;peaeseaekeaeienes;pasakainu
cilvēcīgākais;caiiailaivaiēaicaiīaigaiāaikaiaaiiais;cilvēcīgākās
etnogrāfisks;aieaitjāmnaiojāgairaiāaifaiiaisaikais;etnogrāfiskam
skaļākais;skaļākais;skaļākās
nesauļoties;otcies;nesauļojieties
vikonts;vikontcs;vikontos
modernizēt;odernizēt;būt jāmodernizē
grūtība;grūtcība;grūtībās
vissātaniskākais;veieseseāetjāmaeneiesekeāekeaeies;vissātaniskākajiem
visplikākais;vaiiaisaipailaiiaikaiāaikaiaaiiais;visplikākās
sestdaļa;sestddaļa;sestdaļām
latve;ēlēaētcvēe;latvi
vīlēt;vaiīailaiēait;vīlēji
šausmas;šausmas;šausmām
drosme;dērēoēsmmēe;drosmi
rūpa;rūpa;rūpas
tintes pildspalva;tcintces pildspalva;tintes pildspalvās
astrofizika;ēaēsmtdrēoēfēiēzēiēkēa;astrofizikai
uzvarēt;uzvarēt;uzvarējām
nabadzīgais;neaebeaedezeīegeaeies;nabadzīgos
zebra;zebra;zebrām
angļu valoda;ēaēnēgēļēuē vēaēlēoēdēa;angļu valodas
aizmāršīgais;eaeiezemeāerešeīegeaeies;aizmāršīgajiem
milzīgākais;maiiailaizaiīaigaiāaikaiaaiiais;milzīgākais
celt;caieailait;ceļ
visķīmiskākais;visķīmiskākais;visķīmiskākās
hantele;hantcele;hantelēm
bārkstainā mušmire;bēāērēkēsītdaēiēnēāē mēuēšēmēiērēe;bārkstainajā mušmirē
spulgākais;esepeuelegeāekeaeies;spulgākie
serbisks;aisaieairaibaiiaisaikais;serbiskā
aklais;aklais;aklās
nespriest;naieaisaipairaiiaieaisait;nespried
etnogrāfs;ēeētcnēoēgērēāēfēs;etnogrāfu
tuklākais;aitjāmuaikailaiāaikaiaaiiais;tuklākajā
korāns;kēoērēāēnēs;korānu
negriezt;naieaigairaiiaieaizait;negriezi
nacionālais;naiaaicaiiaiojānaiāailaiaaiiais;nacionālo
algebriskais;eaelegeeebereiesekeaeies;algebriskajiem
vispelēcīgākais;vaiiaisaipaieailaiēaicaiīaigaiāaikaiaaiiais;vispelēcīgāko
plikāks;pailaiiaikaiāaikais;plikākam
visangliskākais;visangliskākais;visangliskākās
priekšstats;pērēiēeēkēšēsmtdaētcs;priekšstatam
ķīniskākais;ķeīeneiesekeāekeaeies;ķīniskākajiem
sārtāks;sārtjāmāks;sārtāku
lokais;lokais;lokās
smukāks;aisaimaiuaikaiāaikais;smukākai
netirgot;ot;tirgot
iemelnāks;iemelnāks;iemelnākas
nespriest;nespriest;neesot spriedis
iezaļais;aiiaieaizaiaaiļaiaaiiais;iezaļā
jūra;jēūrēa;jūra
caurspīdīgums;cēaēuērēsmpēīēdēīēgēuēmēs;caurspīdīgumam
vedekla;vedekla;vedeklu
korejiskāks;keoereeejeiesekeāekes;korejiskākiem
neatvērt;ērt;neatvērtu
nevainīgais;naieaivaiaaiiainaiīaigaiaaiiais;nevainīgajā
fonologs;fēoēnēoēlēoēgēs;fonologa
viesis;vēiēeēsmiēs;viesi
dievināt;dievināt;nedievināt
nestrādāt;nestdrādāt;nestrādāšot
visvieglākais;veieseveieeegeleāekeaeies;visvieglāko
ķēnišķīgākais;ķaiēainaiiaišaiķaiīaigaiāaikaiaaiiais;ķēnišķīgāko
iecept;iecept;iecepis
stīvākais;aisaitjāmīaivaiāaikaiaaiiais;stīvāko
retums;retcums;retumu
aizvakardiena;ēaēiēzēvēaēkēaērēdēiēeēnēa;aizvakardiena
kaunīgs;keaeueneīeges;kaunīgiem
diskutēt;diskutcēt;diskutējiet
zvīņainais;zvīņainais;zvīņainajām
sapņainais;eseaepeņeaeieneaeies;sapņainajiem
neakcentēšana;nēeēaēkēcēeēnētcēēšēaēnēa;neakcentēšana
kārtot;ot;kārtojām
astronomiskākais;astjāmronomiskākais;astronomiskākajām
termoss;tcermoss;termosi
krevele;krevele;kreveles
adenīns;adenņīns;adenīni
luksemburgiskais;ailaiuaikaisaieaimaibaiuairaigaiiaisaikaiaaiiais;luksemburgisko
vingrs;vaiiainaigairais;vingrai
morāls;maiojāraiāailais;morālu
baltāks;beaeletjāmāekes;baltāku
gids;gēiēdēs;gids
nedzelt;nedzelt;nedzeldams
puķe;pēuēķēe;puķē
sist;aisaiiaisait;sit
tālais;aitjāmāailaiaaiiais;tālais
pavēlēt;paiaaivaiēailaiēait;pavēlēs
japāniete;japānietce;japānietes
kurlākais;kaiuairailaiāaikaiaaiiais;kurlāko
slavens;slavenņs;slavenām
garais ī;gēaērēaēiēsm ī;garajam ī
saukt;saukt;sauc
diftongs;diftcongs;diftongi
starptautiskais;stjāmarptjāmautjāmiskais;starptautiskās
kaunīgākais;kaunīgākais;kaunīgākajām
arābiskākais;aiaairaiāaibaiiaisaikaiāaikaiaaiiais;arābiskākajā
dzīvespriecīgākais;dzīvespriecīgākais;dzīvespriecīgākās
nekaplēt;nekaplēt;nekaplēšot
možums;mēoēžuēmēs;možumam
nesūkt;nesūkt;sūkt
sakas;sakas;sakas
ciešākais;ceieeešeāekeaeies;ciešāko
ūdeņaināks;ūdaieaiņaiaaiiainaiāaikais;ūdeņainākā
anormālākais;anormālākais;anormālākās
pircējs;pēiērēcēēējēs;pircējs
balss saite;balss saitce;balss saitēm
krēsls;krēsls;krēslos
salnāks;aisaiaailainaiāaikais;salnākā
zīle;zīle;zīļu
rēdais;reēedeaeies;rēdie
nežestikulēšana;nēeēžēeēsmtdiēkēuēlēēēšēaēnēa;nežestikulēšanas
humānistiskāks;huaimaiāainaiiaisaitjāmiaisaikaiāaikais;humānistiskāku
vietniekvārds;vēiēeētcnēiēeēkēvēāērēdēs;vietniekvārdam
zemiskais;zaieaimaiiaisaikaiaaiiais;zemiskajai
visnemantīgākais;vaiiaisainaieaimaiaainaitjāmīaigaiāaikaiaaiiais;visnemantīgākā
elkonis;ēeēlēkēoēnēiēs;elkoni
komiķe;kēoēmēiēķēe;komiķei
nepārcept;naieaipaiāairaicaieaipait;nepārcepšu
mīļākais;maiīaiļaiāaikajaaiiais;mīļāko
neaizart;naieaiaaiiaizaiaairait;neaizaru
fantastisks;faiaainaitjāmaaisaitjāmiaisaikais;fantastiskas
nāvēt;naiāaivaiēait;nāvē
iracionālais;eiereaeceieoeneāeleaeies;iracionālos
lietaināks;eleieeetjāmaeieneāekes;lietaināku
rūgtais;raiūgaitjāmaaiiais;rūgtās
slimīgais;aisailaiiaimaiīaigaiaaiiais;slimīgās
vājprātīgais;vājprātjāmīgais;vājprātīgās
īslandietis;īslandietšis;īslandiešiem
demokrāte;demokrātce;demokrāšu
zemais;zaieaimaiaaiiais;zemajai
visfiziskākais;visfiziskākais;visfiziskākajām
ventilators;vēeēnētciēlēaētcoērēs;ventilatoru
visietekmīgākais;vaiiaisaiiaieaitjāmeaikaimaiīaigaiāaikaiaaiiais;visietekmīgākais
manīt;manīt;manīsim
minerāls;minerāls;minerālus
hamburgers;hēaēmēbēuērēgēeērēs;hamburgers
britiskāks;bairaiiaitjāmiaisaikaiāaikais;britiskākam
matemātisks;matjāmemātjāmisks;matemātiskās
ziemīgākais;zeieeemeīegeāekeaeies;ziemīgākos
epistemoloģisks;eeepeiesetjāmeemeoeleoeģeiesekes;epistemoloģiskos
viesuļvētra;vēiēeēsmuēļēvēēētjrēa;viesuļvētru
slovakiskais;aisailaiojāvaiaaikaiiaisaikaiaaiiais;slovakisko
desot;dejosot;desojot
visseklākais;vaiiaisaisaieaikailaiāaikaiaaiiais;visseklāko
mežs;mežs;mežiem
komiķis;kēoēmēiēķēiēs;komiķi
eksistēt;eksistdēt;būt jāeksistē
ašāks;aiaaišaiāaikais;ašāku
nazāls;naiaaizaiāailais;nazālam
eksistenciālistiskais;aieaikaisaiiaisaitjāmeainaicaiiaiāailaiiaisaitjāmiaisaikaiaaiiais;eksistenciālistiskais
neapcept;neapcept;neapcepošs
visnorvēģiskākais;vaiiaisainaiojāraivaiēaiģaiiaisaikaiāaikaiaaiiais;visnorvēģiskākajā
ātrāks;āaitjāmraiāaikais;ātrākai
nebloķēt;oķēt;nebloķēs
visluksemburgiskākais;vaiiaisailaiuaikaisaieaimaibaiuairaigaiiaisaikaiāaikaiaaiiais;visluksemburgiskāko
viršu mēnesis;viršu mēnesis;viršu mēnešu
interesantāks;aiiainaitjāmeairaieaisaiaainaitjāmāaikais;interesantākā
zviedriskais;zaivaiiaieaidairaiiaisaikaiaaiiais;zviedriskais
purvs;purvs;purvi
lidot;ot;lidos
ireālais;aiiairaieaiāailaiaaiiais;ireālo
lētāks;ailaiēaitjāmāaikais;lētāku
vajadzīgāks;vajadzīgāks;vajadzīgāku
visidiotiskākais;visidiotjāmiskākais;visidiotiskākajām
irāniskākais;irāniskākais;irāniskākajām
raženākais;reaežeeeneāekeaeies;raženākos
ziņote;zēiēņoētce;ziņote
visraksturīgākais;visrakstjāmurīgākais;visraksturīgākās
nedziedāt;naieaidaizaiiaieaidaiāait;nedziedāji
japāniete;jēaēpēāēnēiēeētce;japānieti
nestrādāt;nestdrādāt;nestrādāšana
policija;pēoēlēiēcēiējēa;policijas
pļāpa;pļāpa;pļāpu
tomātu mērce;tcomātcu mērce;tomātu mērču
stāstniece;ēsmtdāēsmtdnēiēeēcēe;stāstniece
violetbrūnā mušmire;violetcbrūnā mušmire;violetbrūno mušmiru
sākumlapa;ēsmāēkēuēmēlēaēpēa;sākumlapu
liekt;ailaiiaieaikait;liec
vēsais;vaiēaisaiaaiiais;vēso
norvēģis;nēoērēvēēēģēiēs;norvēģis
tālais;aitjāmāailaiaaiiais;tālā
ziepjainais;zaiiaieaipaijaiaaiiainaiaaiiais;ziepjainajā
karš;kēaērēš;karu
libāniskākais;ailaiiaibaiāainaiiaisaikaiāaikaiaaiiais;libāniskākajai
visbezjēdzīgākais;vaiiaisaibaieaizaijaiēaidaizaiīaigaiāaikaiaaiiais;visbezjēdzīgākajai
nemantīgākais;naieaimaiaainaitjāmīaigaiāaikaiaaiiais;nemantīgāko
asiņaināks;eaeseieņeaeieneāekes;asiņainākos
lodīšu pildspalva;lodīšu pildspalva;lodīšu pildspalvas
vislabākais;vaiiaisailaiaaibaiāaikaiaaiiais;vislabākais
berklijs;bēeērēkēlēiējēs;berkliju
patiesākais;paiaaitjāmiaieaisaiāaikaiaaiiais;patiesāko
visiesārtākais;vaiiaisaiiaieaisaiāairaitjāmāaikaiaaiiais;visiesārtākā
stabiņš;ēsmtdaēbēiēņš;stabiņ
visvioletākais;vaiiaisaivaiiaiojālaieaitjāmāaikaiaaiiais;visvioletākajai
bebrs;bebrs;bebri
viscentīgākais;viscenņtjāmīgākais;viscentīgākajām
visanālākais;veieseaeneāeleāekeaeies;visanālākajos
tante;tcantce;tantēm
zaglīgums;zēaēgēlēīēgēuēmēs;zaglīgumu
slavs;ēsmlēaēvēs;slavam
kurslāks;kurslāks;kurslākās
aizgalds;aizgalds;aizgaldi
dumjais;deuemejeaeies;dumjajos
mirst;mirst;būt jāmirst
pakost;ost;pakodāt
uzcept;uaizaicaieaipait;uzcepi
zinība;zēiēnēīēbēa;zinībai
nāvessods;nāvessods;nāvessodi
irāniskāks;aiiairaiāainaiiaisaikaiāaikais;irāniskāka
kuņģis;kēuēņģēiēs;kuņģi
knusis;knusis;knušiem
valodiskais;veaeleoedeiesekeaeies;valodiskos
maķedoniskākais;maiaaiķaieaidaiojānaiiaisaikaiāaikaiaaiiais;maķedoniskākā
internacionāliste;intcernacionālistde;internacionālistes
labrīts;ēlēaēbērēīētcs;labrītā
vistālākais;vaiiaisaitjāmāailaiāaikaiaaiiais;vistālāko
spējīgs;aisaipaiēaijaiīaigais;spējīgu
abate;abatce;abatēs
paklājs;pēaēkēlēāējēs;paklāja
spals;ēsmpēaēlēs;spalu
kompass;kēoēmēpēaēsms;kompass
izteikt;aiiaizaitceaiiaikait;izteici
visparastākais;vaiiaisaipaiaairaiaaisaitjāmāaikaiaaiiais;visparastāko
cēlgāze;cēlgāze;cēlgāzēs
burbulis;bēuērēbēuēlēiēs;burbulis
atbildēt;atcbildēt;būtu atbildējis
ķīmiskais;ķaiīaimaiiaisaikaiaaiiais;ķīmisko
vismuklākais;vaiiaisaimaiuaikailaiāaikaiaaiiais;vismuklāko
nešūt;nešūt;nešujiet
apavnieks;ēaēpēaēvēnēiēeēkēs;apavnieku
vainīgs;vaiaaiiainaiīaigais;vainīgu
pilēt;pilēt;pilējām
vissapņainākais;vaiiaisaisaiaaipaiņaiaaiiainaiāaikaiaaiiais;vissapņaināko
bioloģiskais;baiiaiojālaiojāģaiiaisaikaiaaiiais;bioloģisko
nebēdnīgākais;naieaibaiēaidainaiīaigaiāaikaiaaiiais;nebēdnīgākais
visgudrākais;vaiiaisaigaiuaidairaiāaikaiaaiiais;visgudrākajā
slimais;slimais;slimās
lieta;lietca;lietas
spēcīgāks;spēcīgāks;spēcīgāku
zaķēns;zaķēns;zaķēnu
eiropejisks;aieaiiairaiojāpaieaijaiiaisaikais;eiropejisku
mezglainākais;mezglainākais;mezglainākajās
garais ē;gēaērēaēiēsm ē;garais ē
mirstīgais;meieresetjāmīegeaeies;mirstīgajos
kelvins;kelvins;kelviniem
vismīksnākais;vismīksnākais;vismīksnākajām
tukšs;aitjāmuaikaišais;tukšai
visneprātīgākais;vaiiaisainaieaipairaiāaitjāmīaigaiāaikaiaaiiais;visneprātīgāko
desot;ot;desot
kosovietis;kosovietšis;kosoviešos
paija;paija;paijas
staltbriedis;stdaltcbriedis;staltbriežu
veselīgākais;veselīgākais;veselīgāko
beisbols;bēeēiēsmbēoēlēs;beisbols
nikns;naiiaikainais;niknu
gaumīgāks;gaiaaiuaimaiīaigaiāaikais;gaumīgākā
mūks;mūks;mūki
armija;armija;armijām
stigns;esetjāmiegenes;stignos
prāvs;prāvs;prāvu
just;jaiuaisait;jutīšu
īsais;īsais;īsajās
salnāks;salnāks;salnākām
trulais;aitjāmraiuailaiaaiiais;trulajam
ģermānis;ģermānis;ģermāņi
gudrāks;gudrāks;gudrākām
sāļāks;eseāeļeāekes;sāļākiem
kazahiete;kēaēzēaēhēiēeētce;kazahieti
drosmīgais;dairaiojāsaimaiīaigaiaaiiais;drosmīgajā
vissievišķīgākais;vaiiaisaisaiiaieaivaiiaišaiķaiīaigaiāaikaiaaiiais;vissievišķīgākā
pilsonība;pēiēlēsmoēnēīēbēa;pilsonības
paslēpt;paiaaisailaiēaipait;paslēpju
pika;pēiēkēa;pikas
damaksnis;damaksnis;damaksņu
brūnais piekūns;bērēūnēaēiēsm pēiēeēkēūnēs;brūnais piekūns
viszaļganākais;vaiiaisaizaiaaiļaigaiaainaiāaikaiaaiiais;viszaļganāko
skandināviskākais;skandināviskākais;skandināviskākajās
ceļa rādītājs;cēeēļēaē rēāēdēīētcāējēs;ceļa rādītāju
aizmirsīgākais;aiaaiiaizaimaiiairaisaiīaigaiāaikaiaaiiais;aizmirsīgākajā
katarietis;kēaētcaērēiēeētšiēs;katarieti
neapcepšana;nēeēaēpēcēeēpēšēaēnēa;neapcepšana
raižpilnāks;reaeiežpeieleneāekes;raižpilnākiem
ābece;āēbēeēcēe;ābecei
skaļš;skaļš;skaļas
kauls;kauls;kauli
visdrosākais;vaiiaisaidairaiojāsaiāaikaiaaiiais;visdrosākajai
astere;ēaēsmtdeērēe;asteri
visseklākais;veieseseeekeleāekeaeies;visseklākie
bučot;baiuaičojāt;bučos
humānisms;huēmēāēnēiēsmmēs;humānisma
slaidāks;aisailaiaaiiaidaiāaikais;slaidāku
visiesirmākais;visiesirmākais;visiesirmāko
stulbība;ēsītduēlēbēīēbēa;stulbībā
noteikt;naiojātceaiiaikait;noteikšu
visarmēniskākais;veieseaeremeēeneiesekeāekeaeies;visarmēniskākajiem
neneitralizēt;ēt;neneitralizējot
izcept;izcept;izcepot
nacionāls;nacionāls;nacionālu
vājdzirdīgāks;vājdzirdīgāks;vājdzirdīgākām
vecākais;vaieaicaiāaikaiaaiiais;vecāko
imbecilākais;aiiaimaibaieaicaiiailaiāaikaiaaiiais;imbecilākajai
nemodernizēt;odernizēt;nebūtu modernizējis
ugunīgums;uēgēuēnēīēgēuēmēs;ugunīgumu
tērauds;ētcēērēaēuēdēs;tērauds
slovākiskāks;aisailaiojāvaiāaikaiiaisaikaiāaikais;slovākiskākam
parastais;paiaairaiaaisaitjāmaaiiais;parastajā
runīgākais;runīgākais;runīgākajās
nemelot;ot;neesot jāmelo
papuve;papuve;papuvēs
pilnākais;pilnākais;pilnākajās
vistuklākais;vaiiaisaitjāmuaikailaiāaikaiaaiiais;vistuklāko
kālis;kālis;kāļu
slaidākais;eseleaeiedeāekeaeies;slaidākos
greznākais;greznākais;greznākās
nīderlandisks;naiīaidaieairailaiaainaidaiiaisaikais;nīderlandiskam
gigantiskais;gaiiaigaiaainaitjāmiaisaikaiaaiiais;gigantisko
vismiklākais;vaiiaisaimaiiaikailaiāaikaiaaiiais;vismiklākajai
jūrmalnieks;jēūrēmēaēlēnēiēeēkēs;jūrmalnieku
tāpele;ētcāēpēeēlēe;tāpelei
ņiprs;ņiprs;ņipru
izskatīties;izskatcītcies;izskatās
iespiedkļūda;ēiēeēsmpēiēeēdēkēļēūdēa;iespiedkļūda
internacionālistiskāks;eienetjāmeereneaeceieoeneāeleiesetjāmiesekeāekes;internacionālistiskākiem
pasakaināks;paiaaisaiaaikaiaaiiainaiāaikais;pasakaināku
svarīgāks;svarīgāks;svarīgākām
politiķe;politciķe;politiķēs
tulkojums;tculkojums;tulkojumi
novietot;novietcot;novietojam
visafrikāniskākais;visafrikāniskākais;visafrikāniskāko
rats;ratcs;ratos
biedrs;biedrs;biedros
matemātiķis;mēaētceēmēāētciēķēiēs;matemātiķī
dzīvespriecīgais;dzīvespriecīgais;dzīvespriecīgās
imperiālists;imperiālistds;imperiālisti
ala;ēaēlēa;alas
lappuse;lappuse;lappusēs
apspriesties;aiaaipaisaipairaiiaieaisaitdiaieais;apspriedies
visslinkākais;veieseseleienekeāekeaeies;visslinkākajiem
francisks;fairaiaainaicaiiaisaikais;franciska
skaitīt;aisaikaiaaiiaitcīait;skaiti
skaistais;skaistjāmais;skaistās
palma;palma;palmas
konstatēt;kaionaisaitdaaitcēait;konstatēji
humoristiskāks;humoristjāmiskāks;humoristiskākām
plīts;pēlēīētcs;plītī
dzeltēns;daizaieailaitjāmēainais;dzeltēnu
visdebilākais;visdebilākais;visdebilākajās
ražīgākais;raiaaižīaigaiāaikaiaaiiais;ražīgākajā
nedabūt;nedabūt;nedabūtu
ļaunais;ļaunais;ļaunās
slimīgais;slimīgais;slimīgajām
kustīgākais;kaiuaisaitjāmīaigaiāaikaiaaiiais;kustīgāko
dzeltenākais;dezeeeletjāmeeneāekeaeies;dzeltenākajiem
brokastot;ot;lai brokastojot
strēlniece;ēsmtdrēēēlēnēiēeēcēe;strēlnieci
dobākais;dobākais;dobākajām
glužais;geleuežeaeies;glužos
sinonīmisks;aisaiiainaiojānaiīaimaiiaisaikais;sinonīmisku
delfīns;dēeēlēfēīēnēs;delfīnā
klāt;klāt;esot klājis
ruds;raiuaidais;ruda
visdzeltainākais;veiesedezeeeletjāmaeieneāekeaeies;visdzeltainākos
dāniete;dēāēnēiēeētce;dānietes
vismuklākais;vaiiaisaimaiuaikailaiāaikaiaaiiais;vismuklākajai
riktīgākais;riktjāmīgākais;riktīgākās
visjaunavīgākais;vaiiaisaijaiaaiuainaiaaivaiīaigaiāaikaiaaiiais;visjaunavīgāko
plašs;pailaiaaišais;plaša
svešādais;aisaivaieaišaiāaidaiaaiiais;svešādās
priekšstats;priekšstdatcs;priekšstatiem
rakt;rakt;rokams
neubagot;ot;neubagos
visraudākais;vaiiaisairaiaaiuaidaiāaikaiaaiiais;visraudākajam
iemelnais;aiiaieaimaieailainaiaaiiais;iemelno
foršais;faiojāraišaiaaiiais;foršā
visnabagākais;veieseneaebeaegeāekeaeies;visnabagāko
sarkanais;sarkanais;sarkanajām
dziļais;dezeieļeaeies;dziļajiem
marihuāna;mēaērēiēhuēāēnēa;marihuāna
būkmols;bēūkēmēoēlēs;būkmol
colla;cēoēlēlēa;collai
ķeizariskāks;ķeeeiezeaereiesekeāekes;ķeizariskākiem
konjunkcija;kēoēnējēuēnēkēcēiējēa;konjunkcija
visafgāniskākais;visafgāniskākais;visafgāniskākajām
skatīt;joskatcīt;skatāms
ģeogrāfiskākais;ģaieaiojāgairaiāaifaiiaisaikaiāaikaiaaiiais;ģeogrāfiskāko
iezaļš;aiiaieaizaiaaiļaiš;iezaļu
diet;daiiaieait;diešu
cekuls;cēeēkēuēlēs;cekulā
visturīgākais;veiesetjāmuereīegeāekeaeies;visturīgāko
raizīgais;raizīgais;raizīgajām
pakistāniskāks;paiaaikaiiaisaitjāmāainaiiaisaikaiāaikais;pakistāniskākā
visslaikākais;visslaikākais;visslaikākās
saulainums;ēsmaēuēlēaēiēnēuēmēs;saulainuma
neslaucīt;nejoslaucīt;neslaucīdams
šausmīgākais;šausmīgākais;šausmīgākās
fizioloģisks;faiiaizaiiaiojālaiojāģaiiaisaikais;fizioloģisku
amizantāks;aiaaimaiiaizaiaainaitjāmāaikais;amizantāka
socioloģiskais;socioloģiskais;socioloģiskajās
astere;ēaēsītdeērēe;asterē
slovēniskāks;aisailaiojāvaiēainaiiaisaikaiāaikais;slovēniskāku
iesirms;aiiaieaisaiiairaimais;iesirmai
aploks;aploks;aploki
svešākais;aisaivaieaišaiāaikaiaaiiais;svešākajā
bezjēdzīgais;bezjēdzīgais;bezjēdzīgajām
nesargāt;naieaisaiaairaigaiāait;nesargi
viszaglīgākais;veiesezeaegeleīegeāekeaeies;viszaglīgākos
daudzums;daudzums;daudzumi
sārtais;aisaiāairaitjāmaaiiais;sārtajā
mazturīgāks;maiaaizaitjāmuairaiīaigaiāaikais;mazturīgāka
visskaidrākais;vaiiaisaisaikaiaaiiaidairaiāaikaiaaiiais;visskaidrākās
visgrieķiskākais;vaiiaisaigairaiiaieaiķaiiaisaikaiāaikaiaaiiais;visgrieķiskākā
vēss;vaiēaisais;vēsā
visaklākais;vaiiaisaiaaikailaiāaikaiaaiiais;visaklākā
jautāt;jautcāt;jautājat
sudrabs;ēsmuēdērēaēbēs;sudrabu
skudrs;skudrs;skudrus
blondīne;blondīne;blondīnes
vislaipnākais;vaiiaisailaiaaiiaipainaiāaikaiaaiiais;vislaipnākais
visparadoksālākais;vaiiaisaipaiaairaiaaidaiojākaisaiāailaiāaikaiaaiiais;visparadoksālāko
pasakainākais;paiaaisaiaaikaiaaiiainaiāaikaiaaiiais;pasakainākajā
lustra;ēlēuēsmtdrēa;lustra
rieties;raiiaieaitciaieais;riešos
nāvs;nēāēvēs;nāvi
visnabadzīgākais;vaiiaisainaiaaibaiaaidaizaiīaigaiāaikaiaaiiais;visnabadzīgākais
tautiskākais;tjāmautjāmiskākais;tautiskākajās
slimība;ēsmlēiēmēīēbēa;slimība
visvājdzirdīgākais;veieseveāejedezeieredeīegeāekeaeies;visvājdzirdīgākie
sibīriskais;aisaiiaibaiīairaiiaisaikaiaaiiais;sibīriskajā
frekvence;frekvenņce;frekvencēm
netīrīgs;naieaitjāmīairaiīaigais;netīrīgas
sārtums;sārtcums;sārtumiem
kaunīgs;kaiaaiuainaiīaigais;kaunīgam
nestāstīšana;nēeēsītdāēsītdīēšēaēnēa;nestāstīšanā
spēt;spēt;esot spējis
staignais;aisaitjāmaaiiaigainaiaaiiais;staigno
eiropiete;eiropietce;eiropietēs
visjaunavīgākais;vaiiaisaijaiaaiuainaiaaivaiīaigaiāaikaiaaiiais;visjaunavīgākā
visrezultatīvākais;visrezultjāmatjāmīvākais;visrezultatīvākās
nevingrošana;nēeēvēiēnēgērēoēšēaēnēa;nevingrošanai
algebriskais;algebriskais;algebriskās
krēsls;kērēēēsmlēs;krēslu
afrikāniskāks;aiaaifairaiiaikaiāainaiiaisaikaiāaikais;afrikāniskāku
bagātināt;bagātcināt;bagātinošs
pakistāniskāks;paiaaikaiiaisaitjāmāainaiiaisaikaiāaikais;pakistāniskākā
īslandiešu valoda;īēsmlēaēnēdēiēeēšēuē vēaēlēoēdēa;īslandiešu valoda
sapņainākais;aisaiaaipaiņaiaaiiainaiāaikaiaaiiais;sapņaināko
profesors;pērēoēfēeēsmoērēs;profesor
bēdīgums;bēēēdēīēgēuēmēs;bēdīgumam
ūdeņains;ūdeņains;ūdeņainām
gids;gēiēdēs;gidam
kaunīgs;keaeueneīeges;kaunīgiem
uzbekiskais;uzbekiskais;uzbekiskajām
halāts;halātcs;halāti
visstulbākais;vaiiaisaisaitjāmuailaibaiāaikaiaaiiais;visstulbāko
muļķa desa;muļķa desa;muļķa desās
cietais;ceieeetjāmaeies;cietos
tele;tcele;telēs
visturciskākais;vaiiaisaitjāmuairaicaiiaisaikaiāaikaiaaiiais;visturciskākajā
vasarīgāks;vaiaaisaiaairaiīaigaiāaikais;vasarīgākā
nabadzināt;nabadzināt;nabadzina
nezāģēt;ēt;nezāģējot
akvedukts;akveduktcs;akveduktus
centrēt;caieainaitcraiēait;centrēsi
žiglākais;žiglākais;žiglākās
nekaplēt;nekaplēt;nekaplēs
jaks;jaks;jaku
raudāks;raiaaiuaidaiāaikais;raudāka
resnākais;reeeseneāekeaeies;resnākajiem
rupjmaize;rēuēpējēmēaēiēzēe;rupjmaize
slinkums;ēsmlēiēnēkēuēmēs;slinkum
visnerātnākais;vaiiaisainaieairaiāaitjāmnaiāaikaiaaiiais;visnerātnākās
ķeizariene;ķēeēiēzēaērēiēeēnēe;ķeizarienes
piektdaļa;pēiēeēkētcdēaēļēa;piektdaļa
albāniskākais;albāniskākais;albāniskākajām
esamība;ēeēsmaēmēīēbēa;esamības
vislabākais;vaiiaisailaiaaibaiāaikaiaaiiais;vislabākā
ķīniešu valoda;ķēīēnēiēeēšēuē vēaēlēoēdēa;ķīniešu valodu
valodība;vēaēlēoēdēīēbēa;valodībā
vanags;vanags;vanagi
smieties;smietcies;jāsmejoties
baltkrieviskais;baltjāmkrieviskais;baltkrieviskās
sociālistiskākais;aisaiojācaiiaiāailaiiaisaitjāmiaisaikaiāaikaiaaiiais;sociālistiskākais
nepatulkošana;nēeēpēaētcuēlēkēoēšēaēnēa;nepatulkošana
minēt;minēt;minēšot
visātrākais;visātjāmrākais;visātrākās
dabūšana;dēaēbēūšēaēnēa;dabūšanai
viszemiskākais;veiesezeeemeiesekeāekeaeies;viszemiskāko
pelēcīgāks;peeeleēeceīegeāekes;pelēcīgākiem
vienot;ot;lai vieno
meitas vīrs;mēeēiētcaēsm vēīērēs;meitas vīram
dziedājums;dziedājums;dziedājumi
aršana;ēaērēšēaēnēa;aršanai
peža;pēeēžēa;peža
dārgums;dēāērēgēuēmēs;dārgumā
pakava;pēaēkēaēvēa;pakavas
sāļākais;eseāeļeāekeaeies;sāļākajos
indiānis;ēiēnēdēiēāēnēiēs;indiānī
skolniece;ēsmkēoēlēnēiēeēcēe;skolnieci
āda;āda;ādas
simbols;ēsmiēmēbēoēlēs;simbol
pateicīgākais;paiaaitjāmeaiiaicaiīaigaiāaikaiaaiiais;pateicīgākajā
visparastākais;veiesepeaereaesetjāmāekeaeies;visparastākajiem
mobilitāte;mēoēbēiēlēiētcāētce;mobilitāte
francūziete;francūzietce;francūzietēm
izteiksme;iztceiksme;izteiksmēs
degt;degt;degam
holandisks;hojālaiaainaidaiiaisaikais;holandisku
neiztulkot;neiztculkot;neiztulkotu
ekonomiskais;eeekeoeneoemeiesekeaeies;ekonomiskajiem
vispūkainākais;veiesepeūkeaeieneāekeaeies;vispūkaināko
kartons;kartcons;kartoniem
dzeltānāks;dzeltjāmānāks;dzeltānākām
aizliegt;liegt;aizliedzat
aktinīdija;aktcinīdija;aktinīdijas
klitors;klitcors;klitoru
kazahiskākais;keaezeaeheiesekeāekeaeies;kazahiskākos
turēšana;ētcuērēēēšēaēnēa;turēšanas
mandarīnu valoda;mēaēnēdēaērēīēnēuē vēaēlēoēdēa;mandarīnu valodā
mākoņainība;mēāēkēoēņaēiēnēīēbēa;mākoņainības
vislikumīgākais;veieseleiekeuemeīegeāekeaeies;vislikumīgākie
visglužākais;vaiiaisaigailaiuaižāaikaiaaiiais;visglužākajam
klinšainais;kailaiiainaišaiaaiiainaiaaiiais;klinšainajam
ūsainākais;ūaisaiaaiiainaiāaikaiaaiiais;ūsainākā
nevarēšana;nēeēvēaērēēēšēaēnēa;nevarēšanas
sarkanbrūnais;sarkanbrūnais;sarkanbrūnās
acs iekšējais šķidrums;acs iekšējais šķidrums;acs iekšējos šķidrumus
elksnis;ēeēlēkēsīnēiēs;elksnī
spalgs;aisaipaiaailaigais;spalgai
putināt;paiuaitciainaiāait;putināji
noteikt;otceikt;noteiksim
kāsis;kāsis;kāšus
izdarīgais;eiezedeaereīegeaeies;izdarīgie
ģeogrāfiskāks;ģaieaiojāgairaiāaifaiiaisaikaiāaikais;ģeogrāfiskāku
psihe;pēsmiēhēe;psihei
visvingrākais;vaiiaisaivaiiainaigairaiāaikaiaaiiais;visvingrākās
glītāks;glītjāmāks;glītākām
darbarīks;darbarīks;darbarīkus
ekonomika;ēeēkēoēnēoēmēiēkēa;ekonomika
minerālūdens;mēiēnēeērēāēlēūdēeēnēs;minerālūdens
zveja;zēvēeējēa;zvejas
kurslākais;kurslākais;kurslākās
dolārs;dēoēlēāērēs;dolārā
talantīgs;tjāmalantjāmīgs;talantīgu
pilnīgs;paiiailainaiīaigais;pilnīgu
nedegt;naieaidaieaigait;nedegu
nepatulkot;nepatculkot;nepatulkojam
rātns;reāetjāmnes;rātnus
nestigt;nestdigt;neesot stidzis
liekt;liekt;liecāt
modernizēt;odernizēt;modernizējāt
vissausākais;vissausākais;vissausākās
tukls;etjāmuekeles;tuklus
vismorālākais;veiesemeoereāeleāekeaeies;vismorālāko
bīstamāks;bīstjāmamāks;bīstamākas
celle;cēeēlēlēe;celle
normāls;naiojāraimaiāailais;normālu
producēt;ēt;producēdams
ārzemniece;ārzemniece;ārzemnieces
viegls;vaiiaieaigailais;viegla
baltais lācis;baltcais lācis;baltie lāči
nedrīkstēt;nedrīkstdēt;nedrīkstam
aseksualitāte;ēaēsmeēkēsmuēaēlēiētcāētce;aseksualitātes
neslepkavot;lepkavot;neslepkavojam
daiļais;daiaaiiaiļaiaaiiais;daiļajā
cilvēcīgāks;cilvēcīgāks;cilvēcīgāku
draudzīgākais;draudzīgākais;draudzīgāko
metrs;metcrs;metrus
turciskais;tjāmurciskais;turciskajās
nenoteikt;nenotceikt;nenoteicam
laukirbe;ēlēaēuēkēiērēbēe;laukirbi
brūnākais;bereūneāekeaeies;brūnākajiem
nebučot;ot;neesot bučojis
nekustēties;nekustdētjies;nekustēsimies
tīģeris;ētcīēģēeērēiēs;tīģeri
akadēmiskais;akadēmiskais;akadēmiskajās
vistumšmatainākais;vaiiaisaitjāmuaimaišaimaiaaitjāmaaiiainaiāaikaiaaiiais;vistumšmatainākā
ejakulēt;ejakulēt;ejakulējiet
pavēlēt;paiaaivaiēailaiēait;pavēlēšu
ķemmēt;ķemmēt;lai ķemmējot
cilvēciskums;cēiēlēvēēēcēiēsmkēuēmēs;cilvēciskumu
raizīgais;reaeiezeīegeaeies;raizīgo
bruņu cepure;bērēuēņuē cēeēpēuērēe;bruņu cepuri
zāģētava;zāģētjava;zāģētavām
kelvins;kēeēlēvēiēnēs;kelvinu
neaicināt;naieaiaaiiaicaiiainaiāait;neaicināja
lokanākais;ailaiojākaiaainaiāaikaiaaiiais;lokanāko
talants;tcalantcs;talantos
topogrāfs;ētcoēpēoēgērēāēfēs;topogrāfu
vemt;vaieaimait;vēma
ašāks;aiaaišaiāaikais;ašākā
rēdākais;reēedeāekeaeies;rēdākajos
vissniegbaltākais;vissniegbaltjāmākais;vissniegbaltākās
taizemiskais;aitjāmaaiiaizaieaimaiiaisaikaiaaiiais;taizemiskajā
rozīgs;raiojāzaiīaigais;rozīgu
tallijs;ētcaēlēlēiējēs;talliju
serbohorvātu valoda;ēsmeērēbēoēhoērēvēāētcuē vēaēlēoēdēa;serbohorvātu valodu
ziņkārīgais;zeieņekeāereīegeaeies;ziņkārīgajos
tukšais;aitjāmuaikaišaiaaiiais;tukšo
puštuns;puštcuns;puštunos
polārlācis;polārlācis;polārlāči
grozs;gērēoēzēs;grozam
viskazahiskākais;vaiiaisaikaiaaizaiaaihaiiaisaikaiāaikaiaaiiais;viskazahiskāko
volts;voltcs;voltiem
zīdināt;zīdināt;lai zīdinot
aprikoze;ēaēpērēiēkēoēzēe;aprikozes
dziedātājstrazds;dēzēiēeēdēāētcāējēsmtdrēaēzēdēs;dziedātājstrazd
turība;ētcuērēīēbēa;turība
britiskais;bairaiiaitjāmiaisaikaiaaiiais;britiskā
neitrālākais;neitjāmrālākais;neitrālākās
apart;apart;aparšot
vārtsargs;vārtcsargs;vārtsargiem
nāvīgāks;naiāaivaiīaigaiāaikais;nāvīgāku
nestādīt;naieaisaitdāaidaiīait;nestādīs
dēmoniskākais;daiēaimaiojānaiiaisaikaiāaikaiaaiiais;dēmoniskākā
staigņais;stjāmaigņais;staigņajās
ražojums;rēaēžoējēuēmēs;ražojumu
valganums;vēaēlēgēaēnēuēmēs;valganumu
sāļāks;aisaiāaiļaiāaikajs;sāļākā
iesarkans;eieeeseaerekeaenes;iesarkanu
apost;ost;apodāt
atmiņa;atcmiņa;atmiņās
svētīt;svētjīt;svētīsim
līdzskanis;ēlēīēdēzēsmkēaēnēiēs;līdzskani
desinieks;dēeēsmiēnēiēeēkēs;desinieku
normālākais;naiojāraimaiāailaiāaikaiaaiiais;normālākajā
vajadzīgais;vaiaaijaiaaidaizaiīaigaiaaiiais;vajadzīgo
nesaldināt;nesaldināt;nesaldinājāt
lokāks;ailaiojākaiāaikais;lokāku
vainīgākais;vainīgākais;vainīgākās
itālis;ēiētcāēlēiēs;itālim
visēģiptiskākais;vaiiaisaiēaiģaiiaipaitjāmiaisaikaiāaikaiaaiiais;visēģiptiskāko
patiesais;patjāmiesais;patiesās
visīgnākais;vaiiaisaiīaigainaiāaikaiaaiiais;visīgnākajai
zemiskais;zaieaimaiiaisaikaiaaiiais;zemiskajā
retorte;retcortce;retortes
vājdzirdīgāks;veāejedezeieredeīegeāekes;vājdzirdīgākus
svarīgāks;svarīgāks;svarīgākām
modinātāja pulkstenis;mēoēdēiēnēāētcāējēaē pēuēlēkēsmtdeēnēiēs;modinātāja pulkstenis
glīšais;glīšais;glīšajām
holandiskākais;hojālaiaainaidaiiaisaikaiāaikaiaaiiais;holandiskākā
reāliste;reālistde;reālistēm
reliģiskāks;reliģiskāks;reliģiskāku
rātnāks;raiāaitjāmnaiāaikais;rātnāku
humānāks;huaimaiāainaiāaikais;humānākam
tadžikiete;tcadžikietce;tadžikietes
telefoniskākais;etjāmeeleeefeoeneiesekeāekeaeies;telefoniskākos
pūkaināks;paiūkaiaaiiainaiāaikais;pūkaināku
negādāt;negādāt;negādājat
psihiskākais;psihiskākais;psihiskākajām
viserotiskākais;vaiiaisaieairaiojātjāmiaisaikaiāaikaiaaiiais;viserotiskākā
nedancošana;nēeēdēaēnēcēoēšēaēnēa;nedancošana
agrais;aiaaigairaiaaiiais;agrajā
kaķēns;kēaēķēēēnēs;kaķēnā
dobjāks;daiojābaijaiāaikais;dobjākā
visslimākais;vaiiaisaisailaiiaimaiāaikaiaaiiais;visslimāko
sociālais;eseoeceieāeleaeies;sociālos
visņiprākais;vaiiaisaiņaiiaipairaiāaikaiaaiiais;visņiprākā
paija;pēaēiējēa;paiju
visvelnišķīgākais;vaiiaisaivaieailainaiiaišaiķaiīaigaiāaikaiaaiiais;visvelnišķīgāko
ukrainiskais;uekereaeieneiesekeaeies;ukrainiskajos
visvieglākais;vaiiaisaivaiiaieaigailaiāaikaiaaiiais;visvieglākajā
pornogrāfiskākais;paiojārainaiojāgairaiāaifaiiaisaikaiāaikaiaaiiais;pornogrāfiskāko
velsietis;velsietšis;velsiešos
medicīniskākais;maieaidaiiaicaiīainaiiaisaikaiāaikaiaaiiais;medicīniskākā
stārks;stdārks;stārkiem
žagars;žēaēgēaērēs;žagara
paklājs;pēaēkēlēāējēs;paklājam
acs baltums;ēaēcēsm bēaēlētcuēmēs;acs baltumu
vājdzirdīgs;vājdzirdīgs;vājdzirdīgām
ķīmiskais;ķeīemeiesekeaeies;ķīmiskajiem
matemātiskākais;matjāmemātjāmiskākais;matemātiskāko
ģeofizikāls;ģaieaiojāfaiiaizaiiaikaiāailais;ģeofizikālam
māsasdēls;mēāēsmaēsmdēēēlēs;māsasdēls
mīļotājs;mīļotcājs;mīļotājiem
fluors;fēlēuēoērēs;fluorā
visstingrākais;visstjāmingrākais;visstingrākās
nemežģīt;nemežģīt;nemežģījām
visreliģiozākais;veiesereeeleieģeieoezeāekeaeies;visreliģiozākos
novietot;ot;lai novieto
uzdevums;uzdevums;uzdevumu
rutks;rēuētckēs;rutks
vērtīgais;vaiēairaitjāmīaigaiaaiiais;vērtīgo
tuklais;aitjāmuaikailaiaaiiais;tuklo
neteikt;netceikt;neteicošs
pļāpīgāks;pļāpīgāks;pļāpīgākās
piedurkne;pēiēeēdēuērēkēnēe;piedurkni
maķedoniskāks;maķedoniskāks;maķedoniskākām
aseksuālāks;eaeseeekeseueāeleāekes;aseksuālākiem
blondīne;blondīne;blondīnes
aplikt;aplikt;aplikt
tapirs;ētcaēpēiērēs;tapiru
humors;huēmēoērēs;humors
pūst;pūst;nepūst
lasis;ēlēaēsmiēs;lasi
podnieks;pēoēdēnēiēeēkēs;podnieka
spāniskākais;spāniskākais;spāniskāko
viskatalāniskākais;veiesekeaetjāmaeleāeneiesekeāekeaeies;viskatalāniskākajiem
ekoloģiskais;aieaikaiolaiojāģaiiaisaikaiaaiiais;ekoloģisko
negaišana;nēeēgēaēiēšēaēnēa;negaišanu
nesauļoties;naieaisaiaaiuaiļaiojātciaieais;nesauļosies
dzemdēt;daizaieaimaidaiēait;dzemdēšu
nerunāt;nerunāt;nerunājis
meitasvīrs;meitcasvīrs;meitasvīru
federatīvais;faieaidaieairaiaaitjāmīaivaiaaiiais;federatīvo
tūce;ētcūcēe;tūci
ziemelis;ziemelis;ziemeļiem
jaunais;jaiaaiuainaiaaiiais;jaunās
gredzens;gredzenņs;gredzeniem
nacionāls;nacionāls;nacionālas
retāks;raieaitjāmāaikais;retāku
balodis;bēaēlēoēdēiēs;balodi
nūja;nēūjēa;nūjai
metāns;mēeētcāēnēs;metān
rātenais;reāetjāmeeneaeies;rātenie
dzimums;dēzēiēmēuēmēs;dzimumam
pārcept;pārcept;nepārcept
tagadiene;ētcaēgēaēdēiēeēnēe;tagadienē
neiedzert;naieaiiaieaidaizaieairait;neiedzēri
darbīgākais;daiaairaibaiīaigaiāaikaiaaiiais;darbīgāko
svarīgāks;aisaivaiaairaiīaigaiāaikais;svarīgākas
zelt;zaieailait;zeļ
laizīt;laizīt;laizītu
rasaināks;reaeseaeieneāekes;rasainākiem
dolārs;dolārs;dolārus
galdniece;gēaēlēdēnēiēeēcēe;galdniecē
puķainākais;paiuaiķaiaaiiainaiāaikaiaaiiais;puķainākā
ukrainiskākais;ukrainiskākais;ukrainiskākajās
etnogrāfs;etcnogrāfs;etnogrāfi
rudenīgais;rudenņīgais;rudenīgajām
īstenākais;īaisaitjāmeainaiāaikaiaaiiais;īstenākā
sēdeklis;sēdeklis;sēdekļiem
skābs;skābs;skābas
franciskākais;fairaiaainaicaiiaisaikaiāaikaiaaiiais;franciskāko
vismelīgākais;veiesemeeeleīegeāekeaeies;vismelīgākie
nelīdzēšana;nēeēlēīēdēzēēēšēaēnēa;nelīdzēšana
ēģiptiskākais;ēeģeiepetjāmiesekeāekeaeies;ēģiptiskāko
ortogrāfija;oērētcoēgērēāēfēiējēa;ortogrāfiju
galvassega;gēaēlēvēaēsmsmeēgēa;galvassegai
zīmulis;zīmulis;zīmuļos
topogrāfiskais;aitjāmojāpaiojāgairaiāaifaiiaisaikaiaaiiais;topogrāfisko
nāvēt;nāvēt;nāvēs
pakost;ost;lai pakož
bēdīgākais;baiēaidaiīaigaiāaikaiaaiiais;bēdīgāko
paliekt;paliekt;būtu paliecis
raksts;rakstds;raksti
profesore;pērēoēfēeēsmoērēe;profesori
bloķēt;bailaiojāķaiēait;bloķē
dārgāks;daiāairaigaiāaikais;dārgākai
tuncis;tcuncis;tunču
vismiesīgākais;vismiesīgākais;vismiesīgākās
kļūdainais;kaiļaiūdaiaaiiainaiaaiiais;kļūdainā
ziemot;zaiiaieaimaiojāt;ziemoji
termospudele;tcermospudele;termospudeļu
vissievišķīgākais;vaiiaisaisaiiaieaivaiiaišaiķaiīaigaiāaikaiaaiiais;vissievišķīgākās
pateicīgs;paiaaitjāmeaiiaicaiīaigais;pateicīgu
uzcept;uzcept;uzcepiet
armēniskāks;eaeremeēeneiesekeāekes;armēniskāku
rātens;rātjāmenņs;rātenām
ārstniecisks;āairaisaitjāmnaiiaieaicaiiaisaikais;ārstniecisku
uzcept;uzcept;uzcepsim
neiedot;ot;nebūt jāiedod
vispilnākais;vaiiaisaipaiiailainaiāaikaiaaiiais;vispilnākais
ūdeņaināks;ūdeņaināks;ūdeņainākās
tumšs;tjāmumšs;tumšām
pacepties;paceptcies;nepacepties
cirslis;cēiērēsmlēiēs;cirslim
vieglākais;vieglākais;vieglākās
melīgākais;meeeleīegeāekeaeies;melīgāko
sibīriskais;aisaiiaibaiīairaiiaisaikaiaaiiais;sibīriskā
nedegt;nedegt;nedegsim
visdāsnākais;vaiiaisaidaiāaisainaiāaikaiaaiiais;visdāsnāko
smaidīgāks;aisaimaiaaiiaidaiīaigaiāaikais;smaidīgākas
nejokot;naieaijaiojākaiot;nejokoja
velnišķīgs;vaieailainaiiaišaiķaiīaigais;velnišķīgai
neaizstāvēšana;nēeēaēiēzēsmtdāēvēēēšēaēnēa;neaizstāvēšana
sistēma;sistdēma;sistēmas
cilvēciskākais;caiiailaivaiēaicaiiaisaikaiāaikaiaaiiais;cilvēciskākais
rezultatīvākais;raieaizaiuailaitjāmaaitjāmīaivaiāaikaiaaiiais;rezultatīvākais
visnerātnākais;vaiiaisainaieairaiāaitjāmnaiāaikaiaaiiais;visnerātnākā
sarkanbrūnāks;aisaiaairaikaiaainaibairaiūnaiāaikais;sarkanbrūnākai
ritenis;rēiētceēnēiēs;riteni
konkrētākais;konkrētjāmākais;konkrētākajās
slidāks;aisailaiiaidaiāaikais;slidākas
etniskāks;etjāmniskāks;etniskākām
biklais;beiekeleaeies;biklajiem
apart;apart;apar
zīdainis;zēīēdēaēiēnēiēs;zīdainī
tālākais;etjāmāeleāekeaeies;tālākajiem
ciešākais;caiiaieaišaiāaikaiaaiiais;ciešākajai
krēslainais;kairaiēaisailaiaaiiainaiaaiiais;krēslaino
atbilde;ēaētcbēiēlēdēe;atbildi
cietība;cēiēeētcīēbēa;cietību
šveiciskais;šaivaieaiiaicaiiaisaikaiaaiiais;šveicisko
lustra;ēlēuēsmtdrēa;lustras
visčeklākais;vaiiaisaičaieaikailaiāaikaiaaiiais;visčeklāko
gatavākais;gaiaaitjāmaaivaiāaikaiaaiiais;gatavāko
kaķe;kēaēķēe;kaķe
akmens;ēaēkēmēeēnēs;akmenī
retums;retcums;retumi
centralizācija;cēeēnētcrēaēlēiēzēāēcēiējēa;centralizāciju
vislietuviskākais;veieseleieeetjāmueveiesekeāekeaeies;vislietuviskākajiem
tautiskāks;etjāmaeuetjāmiesekeāekes;tautiskākus
minēt;minēt;minējāt
straujais;aisaitjāmraiaaiuaijaiaaiiais;straujo
vismīkstākais;vismīkstjāmākais;vismīkstākajām
dobjāks;dobjāks;dobjākām
abstraktākais;eaebesetjāmreaeketjāmāekeaeies;abstraktākajiem
konkrētība;kēoēnēkērēēētjīēbēa;konkrētībā
dzenis;dēzēeēnēiēs;dzenī
visluksemburgiskākais;vaiiaisailaiuaikaisaieaimaibaiuairaigaiiaisaikaiāaikaiaaiiais;visluksemburgiskākajā
