Base;Prediction;Actual
llantar;llantaáisr;llantáis
rutiar;rutiaeisr;rutiareis
dir;dir;foron
desendolcar;desendolcaeisr;desendolcareis
ñadar;ñadaásr;ñadarás
conxelar;conxelaeisr;conxelareis
allumar;allumaeisr;allumareis
averar;averar;avera
guarnir;guarniamosr;guarniríamos
tirar;tiraér;tiraré
sorrir;sorriesr;sorrieres
llantar;llantaíeisr;llantaríeis
acompañar;acompañaeisr;acompañareis
inspirar;inspirar;inspira
aceutar;aceutaor;aceutao
podar;podáaemosr;podáremos
vaciar;vaciaáisr;vaciáis
zarrar;zarraábemosr;zarrábemos
dexar;dexamosr;dexamos
forzar;forzaanr;forzaran
combinar;combinaábemosr;combinábemos
inspirar;inspiraeisr;inspirareis
entrar;entraesr;entrares
blincar;blincaor;blinco
pesllar;pesllaasr;pesllaras
esbarafundiar;esbarafundiaíamosr;esbarafundiaríamos
algamar;algamaor;algamao
amparar;amparaabr;amparaba
funcionar;funcionasr;funcionas
clonar;clonaonr;clonaron
navegar;navegaenr;navegaren
decidir;decidiíar;decidiría
retar;retabeisr;retabeis
dunviar;dunviaíeisr;dunviaríeis
dixebrar;dixebraasr;dixebraras
anclar;anclaér;anclé
xulgar;xulágaemosr;xulgáremos
parir;parir;parí
esgatuñar;esgatuñaar;esgatuñara
valtar;valtaanr;valtaran
duldar;duldandor;duldando
fartucar;fartucaér;fartucaré
cavilgar;cavilgaór;cavilgó
humildar;humildaer;humildare
arranar;arranaasr;arranaras
matar;mataeisr;matareis
deburar;deburabaisr;deburabais
esñalar;esñalaer;esñalara
atar;ataabr;ataba
sorrir;sorriár;sorras
contestar;conátestaemosr;contestáremos
clavar;clavaenr;clavaren
arricar;arricaemosr;arricaremos
dedicar;dedicaestir;dediquesti
participar;participaor;participo
afalar;afalaér;afalé
ser;seemosr;fuéramos
preguntar;preguntaer;preguntare
afeitar;afeitar;afeita
axudar;axudaesr;axudares
entamar;entamaíamosr;entamaríamos
axuntar;axuntadar;axuntada
bautizar;bautizaasr;bautizaras
regular;regulaestir;regulesti
xiringar;xiringar;xiringar
puyar;puyaár;puyará
heredar;heredaeisr;heredareis
coleicionar;coleicionaestisr;coleicionestis
amenazar;amenazaar;amenazara
dir;dir;fomos
entrar;entraíar;entraría
emprestar;emprestaonr;emprestaron
desarrollar;desarrollaer;desarrolle
ayunar;ayunaábemosr;ayunábemos
atragantar;atragantaer;atragantare
poder;poder;pudiere
insultar;insultaesr;insultes
aidar;aidaenr;aidaren
ximir;ximiesr;ximieres
portar;portaáisr;portáis
atrapar;atrapaábemosr;atrapábemos
entrugar;entrugaor;entrugao
dexar;dexaabr;dexaba
faer;faer;fixere
afamiar;afamiaenr;afamien
atar;ataáemosr;atáremos
emprestar;emprestaáur;emprestáu
estornudar;estornudaonr;estornudaron
goliquiar;goliquiaeisr;goliquiareis
derivar;derivaemosr;derivemos
inorar;inoraenr;inoren
atragantar;atragantaasr;atragantares
heredar;heredar;heredar
anclar;anclaasr;anclaras
remediar;remediastisr;remediastis
considerar;consideraar;considerara
estandarizar;estandarizaestir;estandaricesti
comer;comer;comíes
allumar;allumar;allumar
parar;paraór;paró
trayer;trayer;trayer
estender;estendeásr;estenda
tomar;tomaér;tomé
votar;votaer;votare
heredar;heráedaamosr;heredáramos
inaugurar;inauguraanr;inauguraran
activar;activabenr;activaben
amenorgar;ameánorgaemosr;amenorgáremos
fartucar;ftucaenr;fartuquen
quemar;quemaer;queme
llimpiar;llimpiaár;llimpiará
xiringar;xiringaesr;xiringues
entrevistar;entrevistaer;entrevistare
arder;ardeéisr;arderéis
acompañar;acompañaaisr;acompañarais
enfilar;enfilaeisr;enfilareis
firir;firiíesr;firiríes
valtar;valtaabr;valtaba
mancar;mancaéisr;mancaréis
podar;podaonr;podaron
bailar;bailaenr;bailen
estrañar;estrañaar;estrañara
marchar;marchaer;marche
xantar;xantaar;xantara
preñar;preñaer;preñare
acompañar;acompañaíesr;acompañaríes
averar;averaasr;averaras
treslladar;treslladaíamosr;treslladaríamos
aceptar;aceptastisr;aceptastis
recordar;recordaíamosr;recordaríamos
asoleyar;asoleyaíamosr;asoleyaríamos
torturar;torturaíamosr;torturaríamos
brillar;brillaasr;brillaras
resfregar;resfregaer;resfregare
escomenzar;escomenzasr;escomencas
estazar;estazar;estaza
blincar;blincamosr;blincábamos
esclucar;esclucaar;esclucara
guarnir;guarnionr;guarnieron
xurar;xuraesr;xuraes
tomar;tomabenr;tomaben
audar;audaanr;audaran
cegar;ceganr;ceguan
enantar;enantaáur;enantáu
tornar;tornaaisr;tornarais
puxar;puxaar;puxara
dunviar;dunviaor;dunviao
nombrar;nombraáur;nombráu
veraniar;veraniar;verania
planchar;planchaonr;plancharon
agrupar;agrupaór;agrupó
espresar;espáresaemosr;espresáremos
mancar;mancabenr;mancaben
escapar;escapaeisr;escaparíeis
acollechar;acollechaar;acollechara
convidar;convidaaisr;convidarais
asar;asaor;aso
brincar;brincabenr;brincaben
quemar;quemaestisr;quemestis
allargar;allargaar;allargara
frotar;frotaábemosr;frotábemos
baillar;baillaemosr;baillemos
traer;traeeisr;trayeríais
ensugar;ensugar;ensuchu
cuspir;cuspienr;cuspieren
afilar;afilaemosr;afilaremos
aceptar;aceptastir;aceptasti
enantar;enantaíesr;enantaríes
alendar;alendaíesr;alendaríes
aflacar;aflacaíaisr;aflacaríais
forzar;forzauestisr;forcestis
numberar;numberaánr;numberarán
esclucar;esclucaasr;esclucaras
exiliar;exiliaenr;exilien
usar;usaeisr;usareis
mirar;mirabaisr;mirabais
dunviar;dunviaíemosr;dunviaríemos
afitar;afitaaisr;afitarais
dibuxar;dibáuxaemosr;dibuxáremos
eliminar;eliminaíeisr;eliminaríeis
trabayar;trabayaor;trabayo
afeutar;afeutaer;afeutare
humildar;humildaonr;humildaron
estudiar;estudiaér;estudiaré
tocar;tocáaamosr;tocáramos
inflar;inflaenr;inflaren
parar;paraaisr;pararais
alloñar;alloñaasr;alloñaras
marchar;marchasr;marchas
endolcar;endolcaábemosr;endolcábemos
goliquiar;goliquiaáir;goliquiái
allistar;alláistaamosr;allistáramos
esbabayar;esbabayaabr;esbabayaba
xurar;xurastisr;xurastis
trayer;trayeamosr;traxéremos
abolir;abolir;abole
encaxar;encaxaáir;encaxái
dedicar;dedicastisr;dedicastis
alimentar;alimentaar;alimentara
audar;audar;audaba
participar;participaesr;participares
afitar;afitaér;afité
nombrar;nomábraamosr;nombráramos
interpretar;interpretasr;interpretas
irlandés;irlandés;irlandeses
aspirar;aspirar;aspiraba
estazar;estazaasr;estazaras
omitir;omitiemosr;omita
embotellar;embotellaar;embotellara
acabar;acabaásr;acabarás
dir;dir;fueran
afaitar;afaitaásr;afaitarás
escomenzar;escomenzaar;escomenzara
atrapar;atrapaesr;atrapes
charlar;charlaestir;charlesti
recoyer;recoyeer;recoyera
dañar;dañamosr;dañamos
abruxar;abruxaíeisr;abruxaríeis
amenorgar;amenorgauestisr;amenorguestis
ser;seár;será
emprestar;emprestaer;emprestare
entamar;entamaar;entamara
catar;cataeisr;catareis
pautar;pautaabr;pautaba
afilar;afilaíeisr;afilaríeis
estrañar;estrañaenr;estrañaren
acoyer;acoyeonr;acoyeron
asediar;asediaér;asediaré
poner;poner;punxereis
altu;altu;altes
remediar;remediaíamosr;remediaríamos
aceutar;aceutanr;aceutan
sellar;sellaenr;sellaren
desplicar;desplicabaisr;desplicabais
ameyorar;ameyorar;ameyorar
añiciar;añiciaesr;añicies
vaciar;vaciaéisr;vaciéis
esplorar;esploraér;esploré
ordenar;ordenar;ordena
afalagar;afalagaíesr;afalagaríes
asoleyar;asoleyaesr;asoleyes
formar;forámaamosr;formáramos
marchar;marchadar;marchada
pesllar;pesllaer;pesllare
idolatrar;idolatrar;idolatra
sangrar;sanágraemosr;sangráremos
cortar;cortaásr;cortarás
colocar;colocaér;coloqué
secar;secar;seca
xulgar;xulgabenr;xulgaben
copiar;copiaíamosr;copiaríamos
mercar;mercaíamosr;mercaríamos
destacar;destacastir;destacasti
baillar;baillaéisr;bailléis
plegar;plegaer;plegare
saliar;saliaíar;saliaría
forzar;forzaíaisr;forzaríais
bautizar;bautizaonr;bautizaron
averar;averaesr;averaes
rutar;rutaíaisr;rutaríais
crear;creamosr;creamos
lliberar;lliberaenr;lliberen
firir;firiuestisr;firistis
esclucar;esclucamosr;esclucamos
vomitar;vomitaér;vomitaré
remar;remaesr;remes
xiringar;xiringaor;xiringo
echar;echaasr;echaras
plantar;plantaenr;planten
aflacar;aflacaer;aflacare
apoyar;aadpoyadar;apoyada
cavilgar;cavilgaásr;cavilgarás
agrupar;agábupamosr;agrupábamos
aceutar;aceutaáur;aceutáu
llimpiar;llimpiaeisr;llimpiareis
falar;falaesr;fales
veraniar;veraniaíenr;veraniaríen
cegar;cegáaamosr;cegáramos
copiar;copiaánr;copiarán
llorar;lloraeisr;llorareis
charlar;charlamosr;charlamos
remolcar;remolcaáur;remolcáu
casar;casaemosr;casemos
aidar;aidar;aida
entrenar;entrenaanr;entrenaran
facer;facer;fixesti
baxar;baxaer;baxare
falar;falar;fala
allistar;allistaemosr;allistemos
dañar;dañaanr;dañaran
clonar;cloánaemosr;clonáremos
firir;firir;firiría
entrevistar;entrevistaábemosr;entrevistábemos
treslladar;treslladaáisr;treslladáis
trabayar;trabayamosr;trabayamos
tornar;tornaor;torno
petrificar;petrificaíaisr;petrificaríais
sentar;sentaesr;sentaes
audar;audaíar;audaría
aguantar;aguantaór;aguantó
afumar;afumaíeisr;afumaríeis
aflacar;aflacaíamosr;aflacaríamos
inorar;inoáraemosr;inoráremos
combinar;combinaasr;combinaras
esperar;esperaíemosr;esperaríemos
xelar;xelaaisr;xelarais
atar;ataámosr;atáramos
derivar;derivabaisr;derivabais
aceptar;aceptaer;aceptare
mercar;mecandor;mercando
fartucar;fartucaor;fartucao
casar;casastisr;casastis
esmordigañar;esmordigañaeisr;esmordigañareis
esaminar;esaminaenr;esaminaren
coleicionar;coleicionaer;coleicione
ñiciar;ñiciaonr;ñiciaron
cambiar;cambiaer;cambiare
funcionar;funácionaemosr;funcionáremos
atar;ataánr;atarán
estender;estender;estendo
sacrificar;sacrificaasr;sacrificares
espeyar;espeyaábemosr;espeyábemos
parar;paraesr;pares
combayar;combayar;combayar
esñalar;esñalar;esñala
esplotar;esplotaestisr;esplotestis
brincar;brincamosr;brincamos
quemar;quemaár;quemará
esfregar;esfregandor;esfregando
esixir;esixir;esixirás
trabayar;traábayaemosr;trabayáremos
inflar;inflar;infla
petrificar;petrificaer;petrificare
resfregar;resfregamosr;resfregábamos
alboriar;alboriaásr;alboriarás
apenzar;apenzaásr;apenzarás
quemar;quemaíeisr;quemaríeis
cristianizar;cristianizaíar;cristianizaría
secar;secaosr;secaos
divorciar;divorciaenr;divorcien
espeyar;espeyaer;espeyare
empeorar;empeorabesr;empeorabes
heredar;heredaáur;heredáu
invitar;invitaíeisr;invitaríeis
coyer;coyer;coyer
formar;formaer;formare
planchar;planchamosr;planchamos
imitar;imitaar;imitara
nomar;nomaar;nomara
atragantar;atagantabenr;atragantaben
desaverar;desaverauestisr;desaverestis
averar;averaenr;averen
podar;podaanr;podaran
enfilar;enfilamosr;enfilábamos
xiblar;xiblabenr;xiblaben
esmordigañar;esmordigañaér;esmordigañé
humildar;humildaíamosr;humildaríamos
llorar;lloraer;llorara
comparar;comparaíaisr;compararíais
invitar;invitaér;invité
castigar;castigaíenr;castigaríen
coyer;coyer;coyemos
ximir;ximiíesr;ximiríes
torturar;torturaanr;torturaran
goliquiar;goliquiaíeisr;goliquiaríeis
planchar;planchaasr;plancharas
acollechar;acollechaeisr;acollechareis
acoyer;acoyear;acoyere
entrenar;entrenabenr;entrenaben
marchar;marchaar;marchara
castigar;castigauenr;castiguen
blincar;blincaer;blinque
idolatrar;idoálatraamosr;idolatráramos
paecer;paecer;paecerán
remediar;remediaemosr;remediemos
comprar;compraíar;compraría
coleicionar;coleicionaeisr;coleicionareis
dibuxar;dibuxaesr;dibuxares
polinizar;polinizaenr;polinicen
amenazar;ameánazaemosr;amenazáremos
recordar;recordabeisr;recordabeis
afumar;afumaesr;afumes
bilordiar;bilordiaemosr;bilordiemos
esperar;esperaasr;esperaras
encaxar;encaxaesr;encaxes
ñamorar;ñamoraánr;ñamorarán
dedicar;dedicaér;dedicaré
soterrar;soterraíamosr;soterraríamos
tresportar;tresportabaisr;tresportabais
empecipiar;empecipiaanr;empecipiaran
allixerar;allixeraonr;allixeraron
amenorgar;amenorgaíaisr;amenorgaríais
reposar;reposaar;reposara
parar;paraáur;paráu
amenorgar;ameánorgaamosr;amenorgáramos
allistar;allistaar;allistara
escuchar;escuchaesr;escuches
parar;paraar;parara
numberar;numberaíenr;numberaríen
pesllar;pesllasr;piesllas
dir;deianr;foren
ximir;ximionr;ximieron
cambiar;cambiaestir;cambiesti
atrapar;atrapastisr;atrapastis
llimpiar;llimpiaar;llimpiara
güeyar;güeyamosr;güeyamos
ḥispiar;ḥispiaor;ḥispiao
enantar;enantaor;enanto
alloñar;alloñaer;alloñare
xulgar;xulgauestisr;xulguestis
allixerar;allixerandor;allixerando
ganar;ganastisr;ganastis
bailar;bailacemosr;bailemos
participar;participaáur;participáu
decidir;decidiar;decidiera
abolir;abolier;abolieren
escoyer;escoyeemosr;escoyeríamos
dir;dier;foran
baillar;baillaaisr;baillarais
dunviar;dunviaanr;dunviaran
camudar;camudaanr;camudaran
formar;formaer;formare
facer;facer;fixiemos
afeitar;afeitaíenr;afeitaríen
duldar;duldaór;duldó
llorar;lloraíar;lloraría
espirriar;espirriaenr;espirriaren
bailar;bailaasr;bailaras
arricar;arricaer;arricare
festexar;festexaasr;festexaras
comer;comer;comiéremos
tirar;tiraer;tire
crear;creaáir;creái
espirriar;espirriaer;espirriare
endolcar;endolcaemosr;endolcaremos
funcionar;funcionar;funciona
acompañar;acompañabeisr;acompañabeis
torturar;toábturamosr;torturábamos
planchar;plaánchaamosr;plancháramos
acompañar;acompañabaisr;acompañabais
escuchar;escuchaar;escuchara
xurar;xuraer;xurare
ñiciar;ñiciamosr;ñiciamos
cortar;cortaaisr;cortarais
conxelar;conxelastisr;conxelastis
conxelar;conxelaonr;conxelaron
escuchar;escuchaáur;escucháu
doblar;doblaanr;doblaran
esperar;esperaór;esperó
atar;atastir;atasti
apoyar;apoáyaemosr;apoyáremos
estropiar;estropiar;estropia
lluchar;lluchastir;lluchasti
eliminar;eliminaemosr;eliminemos
odiar;odiaemosr;odiaremos
votar;votaár;votará
parar;paraíaisr;pararíais
cortar;corátaamosr;cortáramos
trabayar;trabayaer;trabayare
comprar;compraesr;compres
semar;semaér;semaré
estazar;estazaenr;estazaren
inflar;inflaéisr;infléis
allumar;allumastir;allumasti
preñar;preñaar;preñara
inorar;inoraér;inoraré
aspirar;aspiranr;aspiran
atar;ataesr;atares
escomenzar;escomenzaéisr;escomenzaréis
aguardar;aguardanr;aguardan
apoyar;apoyaor;apoyao
aidar;aidandor;aidando
mentir;mentir;mentiríen
significar;significaer;signifique
divorciar;divorciaár;divorciará
volar;volaaisr;volarais
xurar;xuraasr;xurares
semar;semastisr;semastis
exiliar;exiáliaamosr;exiliáramos
allistar;allistaenr;allistaren
sementar;semáentaemosr;sementáremos
llendar;llendaanr;llendaran
alzar;alzaer;alzare
escaecer;escaecer;escaeciestis
esmordigañar;esmordigañaemosr;esmordigañaremos
fartucar;fartucaár;fartucará
copiar;copiaíenr;copiaríen
embotellar;embáotellaamosr;embotelláramos
amedranar;amedranabaisr;amedranabais
xintar;xintaáisr;xintáis
meyorar;meyoraosr;meyoraos
pescar;pescaéisr;pescaréis
amasuñar;amasuñaíemosr;amasuñaríemos
planchar;planchaár;planchará
allistar;allistaíar;allistaría
español;español;españoles
remar;remaer;remare
charrar;charraesr;charraes
tener;teneer;tuviera
cavilar;cavilaestir;cavilesti
emprimar;emprimaesr;emprimes
esperar;esperaar;esperara
colar;colabeisr;colabeis
esfregar;esfregaenr;esfreguen
aforrar;aforracemosr;aforremos
xelar;xelaenr;xelen
endolcar;endolcanr;endolquan
empeorar;empeoradar;empeorada
robar;robaer;robe
sudar;sudaar;sudara
remediar;remediadar;remediada
esixir;eseixieisr;esixiereis
rutar;rutaesr;rutaes
besar;besaar;besara
soñar;soñaor;sueño
inorar;inoraesr;inores
axuntar;axuntaar;axuntara
conxugar;conxugaenr;conxugaren
combinar;combinar;combinaba
alimentar;alimentanr;alimentan
robar;robaer;robare
resfregar;resfregaor;resfrego
empeorar;empeorastir;empeorasti
aguardar;aguardaábemosr;aguardábemos
abolir;abolionr;abolieron
remediar;remediaor;remedio
encadenar;encadenaemosr;encadenemos
votar;votaer;votare
afeutar;afeutaemosr;afeutaremos
afalar;afalaar;afalara
dibuxar;dibuxaábemosr;dibuxábemos
afumar;afumamosr;afumamos
atar;ataasr;ataras
volar;volaar;volara
alzar;alzaeisr;alzareis
allargar;allargaor;allargao
secar;secanr;sequan
faer;faer;fixisti
escomenzar;escomenzaér;escomenzaré
considerar;consideraesr;consideraes
agrupar;agrupabeisr;agrupabeis
tocar;tocaemosr;toquemos
maxinar;maxinaíar;maxinaría
crear;creaíenr;crearíen
imitar;imitaáir;imitái
amenorgar;amenorgar;amenorgaba
tar;taer;tea
añiciar;añiciar;añicia
torturar;torturaáur;torturáu
dañar;dañabeisr;dañabeis
sementar;sementaer;sementare
averar;averaer;averare
rebaxar;rebaxaer;rebaxare
esfregar;esfregaesr;esfregaes
aniciar;aniciaáur;aniciáu
esfregar;esfregaenr;esfreguen
afilar;afilanr;afilan
axuntar;axuántaemosr;axuntáremos
parar;paraar;parara
divorciar;divorciaestisr;divorciestis
afumar;afumaásr;afumarás
ablucar;ablucar;abluca
esplotar;esábplotamosr;esplotábamos
llegalizar;llegalizaanr;llegalizaran
activar;activauestisr;activestis
mercar;mercanr;merquan
inspirar;inspiraanr;inspiraran
blincar;blincaíemosr;blincaríemos
acutar;acutaánr;acutarán
sellar;sellaenr;sellen
ordenar;ordenaeisr;ordenareis
combinar;combinandor;combinando
estandarizar;estandarizaábemosr;estandarizábemos
brincar;brincaesr;brinques
suecu;suecu;sueco
guarnir;guarnir;guarnís
marchar;marchaór;marchó
apenzar;apenzar;apenzaba
aniciar;aniciaíenr;aniciaríen
enfilar;enfilaasr;enfilaras
nadar;nadaar;nadara
comparar;comparaemosr;comparemos
dañar;dañacemosr;dañemos
esfregar;esfregaíar;esfregaría
bilordiar;bilordianr;bilordian
lluchar;lluchaér;llucharé
petrificar;petrificar;petrificaba
camudar;camudaesr;camudares
desafiar;desafiaáir;desafiái
votar;votaemosr;votemos
golar;golaemosr;golemos
comparar;comáparaemosr;comparáremos
gallegu;gallegu;gallegues
aceptar;aceptaonr;aceptaron
ablucar;ablucauer;abluque
afamiar;afamiar;afamia
pecar;pecaenr;pecaren
conocer;conocer;conocieren
embotellar;embotellaíaisr;embotellaríais
afumar;afumabaisr;afumabais
trayer;trayer;trayerá
rutiar;rutiandor;rutiando
ñadar;ñadaíamosr;ñadaríamos
pecar;pecáaemosr;pecáremos
dexar;dexaer;dexare
vender;vendeásr;venderás
aflacar;aflacauer;aflaque
braniar;braniaíenr;braniaríen
ciarrar;ciarrar;ciarraba
xulgar;xulgandor;xulgando
afilar;afilabeisr;afilabeis
esistir;eseistieisr;esistiereis
endolcar;endolcaér;endolqué
idolatrar;idolatraanr;idolatraran
forzar;forzaasr;forzaras
agarrar;agarraer;agarre
acompangar;acompangaeisr;acompangareis
valtar;valtaeisr;valtareis
maxinar;maxinaer;maxinare
xiringar;xiringaer;xiringara
moyar;moyaesr;moyaes
afamiar;afamiar;afamiar
escribir;escribir;escribía
catar;catar;cata
acompañar;acompañaáur;acompañáu
mentir;mentieisr;mentiereis
dinamitar;dinamitabenr;dinamitaben
escomenzar;escomenzaasr;escomenzaras
averar;averaáir;averái
escribir;eescribianr;escribieran
orinar;oriánaemosr;orináremos
bautizar;bautizaor;bautizao
robar;robaenr;roben
colocar;colocaáisr;colocáis
mercar;mercaanr;mercaran
poner;ponebenr;poníen
fartucar;fartucaestir;fartuquesti
trabayar;trabayaéisr;trabayéis
humildar;humildaanr;humildaran
bilordiar;bilordiar;bilordiaba
enseñar;enseñamosr;enseñamos
illegalizar;illegalizaor;illegalizao
soñar;soñaer;soñare
afaitar;afaitaanr;afaitaran
fotografiar;fotografiasr;fotografias
recoyer;recoyer;recueya
cazar;cazaanr;cazaran
espresar;espresanr;espresan
cribar;cribaíemosr;cribaríemos
aceptar;aceptadar;aceptada
frayar;frayaéisr;frayaréis
embotellar;embotellandor;embotellando
coleicionar;coleicionaábemosr;coleicionábemos
planchar;planchaenr;planchen
aspirar;aspiraor;aspiro
usar;usaáir;usái
conxelar;conxelaar;conxelara
atragantar;atragantaer;atragantare
parar;paraíesr;pararíes
existir;exististir;existiesti
alendar;aleándaemosr;alendáremos
recoyer;recoyear;recoyere
escaecer;escaeceíar;escaeciere
esfregar;esfregaesr;esfregares
pesllar;pesllaestisr;pesllestis
podar;podaáisr;podáis
atragantar;atragantaeisr;atragantareis
omitir;omitier;omitiere
escuchar;escuchaer;escuchare
españar;espáañaemosr;españáremos
anclar;anclabeisr;anclabeis
puxar;puxaonr;puxaron
mirar;mirabeisr;mirabeis
desear;deseabenr;deseaben
esixir;esixionr;esixieron
llegalizar;llegalizaásr;llegalizarás
facer;facemosr;facíemos
puxar;puxacemosr;puxemos
amasuñar;amasuñaíamosr;amasuñaríamos
amasuñar;amasuñaar;amasuñara
abotonar;abotonaáir;abotonái
aspirar;aspiraasr;aspiraras
aforrar;aforraenr;aforren
apoyar;apoyaíenr;apoyaríen
sudar;sudadar;sudada
circular;circulaanr;circularan
obsoletu;obsoletu;obsoletu
sacrificar;sacrificaér;sacrifiqué
medrar;medraosr;medraos
averar;averaonr;averaron
ferrar;feráraemosr;ferráremos
árabe;árabe;árabes
moyar;moyaor;moyao
desear;deseaíar;desearía
truñar;truñar;truñaba
ferrar;ferraesr;ferraes
activar;activaíar;activaría
meyorar;meyoraanr;meyoraran
peñar;peñaár;peñará
lladrar;lladrandor;lladrando
arder;arder;ardieres
allargar;allargaer;allargare
acoyer;acoyeenr;acoyeran
axuntar;axuntaenr;axuntaren
nadar;nadaíar;nadaría
besar;besaaisr;besarais
secar;secaábemosr;secábemos
esplorar;esploraar;esplorara
xubilar;xubilaenr;xubilen
eliminar;eliminaer;eliminara
xiblar;xiblaaisr;xiblarais
inorar;inoramosr;inoramos
asediar;asediaábemosr;asediábemos
afitar;afitaenr;afiten
sellar;sellar;sella
traer;traer;traen
alimentar;alimentaanr;alimentaran
fumiar;fumiaeisr;fumiareis
acompangar;acompangaéisr;acompanguéis
clavar;clavaestir;clavesti
funcionar;funcionaesr;funcionares
blincar;blincaér;blinqué
escaecer;escaecer;escaeciesti
catar;cataesr;cates
ñamorar;ñamoranr;ñamoran
añiciar;añiciaenr;añicien
acollechar;acollechaaisr;acollecharais
aforrar;aforraesr;aforres
andorgar;andorgaer;andorgue
entrenar;entrenaesr;entrenes
acompangar;acompangaór;acompangó
producir;producir;produciestis
cavilgar;cavilgaér;cavilgaré
desaverar;desáaveraemosr;desaveráremos
acollechar;acollechaíesr;acollecharíes
saltar;saltaenr;saltaren
desplicar;desplicabenr;desplicaben
despesllar;despesllaaisr;despesllarais
evitar;evitaásr;evitarás
afamiar;afaámiaemosr;afamiáremos
ordenar;odenaosr;ordenaos
numberar;numberaesr;numberaes
facer;facer;fadrás
entrenar;entrenaár;entrenará
ayunar;ayunaíamosr;ayunaríamos
inorar;inoraíaisr;inoraríais
ciarrar;ciarraár;ciarrará
ximir;ximiór;ximió
divorciar;divorciaanr;divorciaran
esclucar;esclucanr;escluquan
finar;finar;fina
collechar;colálechaemosr;collecháremos
mandar;mandauestisr;mandestis
xugar;xugaánr;xugarán
esclucar;esclucaenr;escluquen
finar;finaenr;finaren
allistar;allistaer;allistare
tresportar;tresportaer;tresporte
estazar;estáazaamosr;estazáramos
ñamorar;ñamoraáir;ñamorái
llorar;lloracemosr;lloremos
coleicionar;coleicionar;coleicionar
circular;circulaosr;circulaos
deburar;debáuraemosr;deburáremos
golar;golaánr;golarán
bautizar;bautizanr;bautizaben
traer;traer;trayan
soñar;soñauestisr;soñestis
esperar;esperaíenr;esperaríen
sorrir;sorrir;sorría
colar;colaásr;colarás
colocar;colocaar;colocara
conxelar;conxelaemosr;conxelaremos
encaxar;encaxaenr;encaxaren
petrificar;petrificaíar;petrificaría
humildar;humildaer;humilde
planchar;planchaemosr;plancharemos
endolcar;endolcaenr;endolcaren
afaitar;afaitaar;afaitara
audar;audastir;audasti
aspirar;aspiraemosr;aspiraremos
cazar;cazaábemosr;cazábemos
decidir;decidibenr;decidíen
puxar;puxamosr;puxamos
saltar;saltaesr;saltares
cegar;cegaenr;cegaren
aspirar;aspiraenr;aspiraren
llantar;llantaer;llantare
afamiar;afamiaánr;afamiarán
clavar;clavaenr;claven
xantar;xantaonr;xantaron
peñar;peñaíamosr;peñaríamos
entamar;entamaéisr;entamaréis
soterrar;soterranr;sotierran
aspirar;aspiraer;aspire
güeyar;güeyaíamosr;güeyaríamos
namorar;namoraer;namorare
acutar;acutaar;acutara
escoyer;escoyeásr;escoyerás
bautizar;bautizaíaisr;bautizaríais
atragantar;atragantaábemosr;atragantábemos
buscar;buscaosr;buscaos
acusar;acusaar;acusara
viaxar;viaáxaamosr;viaxáramos
ordenar;ordenaíeisr;ordenaríeis
allumar;allumaéisr;allumaréis
sorrir;sorrir;sorriríeis
ganar;ganar;gana
dunviar;dunviaasr;dunviares
comenzar;comenzabesr;comenzabes
catar;catar;cata
acusar;acuásaamosr;acusáramos
veraniar;veraniaíaisr;veraniaríais
facer;facer;fixeres
entrugar;entrugaaisr;entrugarais
vaciar;vaciaábemosr;vaciábemos
emprestar;emprestaenr;empresten
usar;usaer;usare
sorrir;sorrir;sorriere
tresformar;tresformaemosr;tresformemos
tresportar;treásportaamosr;tresportáramos
frotar;frotaar;frotara
ñadar;ñadaesr;ñadares
coleicionar;coleicionaer;coleicionare
blincar;blincabaisr;blincabais
llorar;lloraíamosr;lloraríamos
matar;mataíenr;mataríen
brincar;brincaíamosr;brincaríamos
conxugar;conxugasr;conxuguas
frotar;frotaasr;frotaras
conxugar;conxugaor;conxugao
afalagar;afalagaíar;afalagaría
recordar;recordandor;recordando
emocionar;emocionaestir;emocionesti
aflacar;aflacaenr;aflaquen
exiliar;exiliaánr;exiliarán
dañar;dañaaisr;dañarais
tomar;tomabesr;tomabes
afumiar;afumiaár;afumiará
sudar;sudaíar;sudaría
crear;crear;crea
ensugar;ensugaábemosr;ensugábemos
entrenar;entrenaesr;entrenes
tirar;tiraosr;tiraos
faer;faer;fairemos
amedranar;amedranadar;amedranada
guetar;guetaeisr;guetareis
responder;responder;respondiesti
axudar;axudaér;axudaré
entrar;entraéisr;entraréis
ferrar;ferraesr;fierres
festexar;festexamosr;festexábamos
agarrar;agarraér;agarré
afamiar;afamiaer;afamiare
escaecer;escaeceamosr;escaeceríamos
castigar;castigaemosr;castigaremos
inflar;inflaár;inflará
trayer;trayer;trayen
afeutar;afeutaáur;afeutáu
nombrar;nombraesr;nombrares
apoyar;apoyaíemosr;apoyaríemos
brincar;briáncaamosr;brincáramos
remolcar;remolcaer;remolcare
desafiar;desafiauestisr;desafiestis
ganar;ganaer;ganare
enantar;enantaosr;enantaos
aniciar;aniciaar;aniciara
saliar;saliaaisr;saliarais
brillar;brillastir;brillasti
circular;circulaenr;circulen
zarrar;zarraestir;zarresti
dañar;dañaasr;dañares
encaxar;encaxaor;encaxo
idolatrar;idolatraer;idolatrare
allixerar;allixeraór;allixeró
afalucar;afalucabesr;afalucabes
derivar;derivaáisr;deriváis
existir;existiemosr;existiremos
aguantar;aguantaer;aguante
moyar;moyaíemosr;moyaríemos
sonrir;sonrir;sonro
mancar;mancaanr;mancaran
aguardar;aguardaemosr;aguardemos
trabayar;trabayamosr;trabayábamos
resfregar;resfregaaisr;resfregarais
esñalar;esñalandor;esñalando
ablucar;ablucaer;ablucare
deburar;deburandor;deburando
medrar;medraíenr;medraríen
dibuxar;dibuxaíar;dibuxaría
axudar;axudaíaisr;axudaríais
catar;cataíesr;cataríes
aflacar;aflacastisr;aflacastis
vacunar;vacunaer;vacunare
idolatrar;idolatrandor;idolatrando
tresformar;tresformaenr;tresformaren
navegar;navegaanr;navegaran
abruxar;abráuxaamosr;abruxáramos
esclucar;esclucaenr;esclucaren
sangrar;sangraenr;sangren
ayunar;ayunaíar;ayunaría
brillar;brillaemosr;brillaremos
averar;averaár;averará
dir;dir;fuera
lladrar;lladraosr;lladraos
xiringar;xiringaesr;xiringares
esñalar;esñalaer;esñalare
nombrar;nombrastisr;nombrastis
axuntar;axuntastir;axuntasti
significar;significaer;significare
algamar;algamaer;algamare
duldar;duldaer;dulde
conxelar;conxelaenr;conxelaren
dexar;dexaemosr;dexemos
facer;facear;ficiere
descansar;descansaáir;descansái
amedranar;ameádranaamosr;amedranáramos
circular;circulaer;circulare
dunviar;dunviaánr;dunviarán
xelar;xelaeisr;xelareis
ayudar;ayudaeisr;ayudareis
apuñalar;apuñaladar;apuñalada
interpretar;interpretabeisr;interpretabeis
camudar;camudaemosr;camudaremos
heredar;heredar;hiereda
añiciar;añiciaár;añiciará
aceutar;acábeutamosr;aceutábamos
secar;secaenr;secaren
ameyorar;ameyorandor;ameyorando
esixir;esixir;esixiera
aniciar;aniciaánr;aniciarán
sacrificar;sacrificaestir;sacrifiquesti
crear;creaér;crearé
allistar;allistaanr;allistaran
ablucar;ablucasr;abluquas
querer;quereenr;quieren
colocar;colocandor;colocando
saliar;saliar;saliaba
asar;asaeisr;asareis
encaxar;encaxaestisr;encaxestis
entrar;entraemosr;entremos
comenzar;comenzaenr;comiencen
ensugar;ensugaesr;ensugares
rutiar;rutáiaemosr;rutiáremos
amosar;amosaánr;amosarán
aguardar;aguardaéisr;aguardaréis
empecipiar;empecipiaemosr;empecipiemos
acompangar;acompangamosr;acompangábamos
fumar;fumanr;fuman
peñar;peñaáir;peñái
considerar;considerabenr;consideraben
enseñar;enseñaár;enseñará
estazar;estazaanr;estazaran
acabar;acabaenr;acaben
retar;retaesr;retaes
enfilar;enfilaemosr;enfilemos
goliquiar;goliquiaáisr;goliquiáis
podar;podaenr;poden
afitar;afitaíaisr;afitaríais
petrificar;petrificaíar;petrificaría
andorgar;andorgaar;andorgara
apoyar;apoáyaamosr;apoyáramos
vacunar;vacunaásr;vacunarás
estazar;estazaáisr;estazáis
planchar;planchaasr;planchares
truñar;truñaer;truñare
dibuxar;dibuxaaisr;dibuxarais
robar;robaer;robare
xiringar;xiingabesr;xiringabes
trayer;trayer;traxereis
casar;casaenr;casen
firir;firir;firiera
duldar;duldaesr;duldaes
orinar;oinaáir;orinái
xubilar;xubilaéisr;xubiléis
afumiar;afumiabesr;afumiabes
aspirar;aspirastisr;aspirastis
vomitar;vomitastisr;vomitastis
pagar;pagaíar;pagaría
truñar;truñaáir;truñái
suañar;suañanr;suañan
entrugar;entrugaenr;entrugaren
connotar;connotamosr;connotamos
estornudar;estornudaasr;estornudaras
fumar;fumaar;fumara
rutiar;rutiaar;rutiara
xugar;xugaíeisr;xugaríeis
ferrar;ferrauestisr;ferrestis
dedicar;dedicaanr;dedicaran
causar;causaábemosr;causábemos
entamar;entamabesr;entamabes
encadenar;encadenaestir;encadenesti
preñar;preñandor;preñando
facer;facer;fagáis
empeorar;empeoraonr;empeoraron
doblar;doblaór;dobló
amosar;amosaer;amosare
ciarrar;ciarraeisr;ciarrareis
